<dir>
	<title>Sherlock Holmes (30's & 40's)</title>
	<tmdb>list/43465</tmdb>
	<thumbnail>https://image.tmdb.org/t/p/original/yGonem68fJd0Jt2EgUhGFD2ww9o.jpg</thumbnail>
	<summary>Sherlock Holmes Movies from the 30's & 40's - Staring Basil Rathbone and Nigel Bruce.</summary>
</dir>

<dir>
	<title>Sherlock Holmes (50's to 2000's)</title>
	<tmdb>list/43467</tmdb>
	<thumbnail>https://image.tmdb.org/t/p/original/nRhK1B4xQx22AwJu8VNCfQvlr9w.jpg</thumbnail>
	<summary>Sherlock Holmes Movies from the 1950's to 2000's</summary>
</dir>

<dir>
	<title>Sherlock Holmes (2009 to Now)</title>
	<tmdb>list/43466</tmdb>
	<thumbnail>https://image.tmdb.org/t/p/original/8oOjtbJMPLVAIsQdxcgQ46Pkmhz.jpg</thumbnail>
	<summary>Sherlock Holmes Movies from 2009 the present day.</summary>
</dir>

