<dir>
	<title>2017 Movies</title>
	<tmdb>year/movie/2017</tmdb>
</dir>
<dir>
	<title>2016 Movies</title>
	<tmdb>year/movie/2016</tmdb>
</dir>
<dir>
	<title>2015 Movies</title>
	<tmdb>year/movie/2015</tmdb>
</dir>
<dir>
	<title>2014 Movies</title>
	<tmdb>year/movie/2014</tmdb>
</dir>
<dir>
	<title>2013 Movies</title>
	<tmdb>year/movie/2013</tmdb>
</dir>
<dir>
	<title>2012 Movies</title>
	<tmdb>year/movie/2012</tmdb>
</dir>
<dir>
	<title>2011 Movies</title>
	<tmdb>year/movie/2011</tmdb>
</dir>
<dir>
	<title>2010 Movies</title>
	<tmdb>year/movie/2010</tmdb>
</dir>
<dir>
	<title>2009 Movies</title>
	<tmdb>year/movie/2009</tmdb>
</dir>
<dir>
	<title>2008 Movies</title>
	<tmdb>year/movie/2008</tmdb>
</dir>
<dir>
	<title>2007 Movies</title>
	<tmdb>year/movie/2007</tmdb>
</dir>