

<item>
        <title>Jumanji Welcome to the Jungle</title>
        <meta>
                <content>movie</content>
                <imdb>tt2283362</imdb>
                <title>Jumanji Welcome to the Jungle</title>
                <year>2017</year>
        </meta>
        <link>
				<sublink>https://uptobox.com/dfq449cfbjmp(CAM)</sublink>
                <sublink>search</sublink>
                <sublink>searchsd</sublink>
        </link>
        <animated_thumbnail></animated_thumbnail>
        <thumbnail>https://larryfire.files.wordpress.com/2017/09/ddfmuafw0aayt9c-jpg-large.jpeg</thumbnail>
		<animated_fanart></animated_fanart>
        <fanart>http://images6.fanpop.com/image/photos/40700000/Jumanji-Welcome-to-the-Jungle-2017-Poster-jumanji-40796280-1000-662.jpg</fanart>
</item>


<item>
        <title>Blade Runner 2049</title>
        <meta>
                <content>movie</content>
                <imdb>tt1856101</imdb>
                <title>Blade Runner 2049</title>
                <year>2017</year>
        </meta>
        <link>
				<sublink>http://uptobox.com/jadpw6vjlhkc(1080p Web DL)</sublink>
                <sublink>search</sublink>
                <sublink>searchsd</sublink>
        </link>
        <animated_thumbnail></animated_thumbnail>
        <thumbnail>https://resizing.flixster.com/4_LQB6y3hATZbIvNevEFH4oZiQI=/206x305/v1.bTsxMjQ5NjIzMTtqOzE3NTU5OzEyMDA7MjY1Njs0MDk2</thumbnail>
		<animated_fanart></animated_fanart>
        <fanart>http://www.chicagonow.com/hammervision/files/2017/10/blade-runner-2049-main-1.jpg</fanart>
</item>

<item>
        <title>Star Wars: The Last Jedi</title>
        <meta>
                <content>movie</content>
                <imdb>tt2527336</imdb>
                <title>Star Wars: The Last Jedi</title>
                <year>2017</year>
        </meta>
        <link>
				<sublink>http://uptobox.com/bsa4xqxww41e(New TeleSync)</sublink>
                <sublink>search</sublink>
                <sublink>searchsd</sublink>
        </link>
        <animated_thumbnail></animated_thumbnail>
        <thumbnail>https://i.jeded.com/i/star-wars-the-last-jedi.72816.jpg</thumbnail>
		<animated_fanart></animated_fanart>
        <fanart>https://heroichollywood.b-cdn.net/wp-content/uploads/2017/12/star-wars-last-jedi-1.jpg</fanart>
</item>

<item>
        <title>Daddy's Home 2</title>
        <meta>
                <content>movie</content>
                <imdb>tt5657846</imdb>
                <title>Daddy's Home 2</title>
                <year>2017</year>
        </meta>
        <link>
				<sublink>https://uptobox.com/5efe4ykvwvyk(CAM)</sublink>
                <sublink>search</sublink>
                <sublink>searchsd</sublink>
        </link>
        <animated_thumbnail></animated_thumbnail>
        <thumbnail>https://cdn.empireonline.com/jpg/70/0/0/1280/960/aspectfit/0/0/0/0/0/0/c/articles/59b03201e1f2aa3605b99a88/daddys-home-2-poster.jpg</thumbnail>
		<animated_fanart></animated_fanart>
        <fanart>https://screenrant.com/wp-content/uploads/2017/11/Daddys-Home-2-Poster.jpg</fanart>
</item>


<item>
        <title>Lady Bird</title>
        <meta>
                <content>movie</content>
                <imdb>tt4925292</imdb>
                <title>Lady Bird</title>
                <year>2017</year>
        </meta>
        <link>
				<sublink>https://uptobox.com/fxixkzviuted(DVD Screener)</sublink>
                <sublink>search</sublink>
                <sublink>searchsd</sublink>
        </link>
        <animated_thumbnail></animated_thumbnail>
        <thumbnail>https://i0.wp.com/teaser-trailer.com/wp-content/uploads/Lady-Bird-New-Film-poster.jpg?ssl=1</thumbnail>
		<animated_fanart></animated_fanart>
        <fanart>https://www.themarysue.com/wp-content/uploads/2017/10/ladybirdfeatured-1-432x243.jpg</fanart>
</item>


<item>
        <title>I, Tonya</title>
        <meta>
                <content>movie</content>
                <imdb>tt5580036</imdb>
                <title>I, Tonya</title>
                <year>2017</year>
        </meta>
        <link>
				<sublink>https://uptobox.com/9s9qfuyseqow(DVD Screener)</sublink>
                <sublink>search</sublink>
                <sublink>searchsd</sublink>
        </link>
        <animated_thumbnail></animated_thumbnail>
        <thumbnail>http://actress.camera/docs/imgthumb/Margot-Robbie_actress_I-Tonya_Moi-Tonya_affiche-francaise_french-movie-poster-france.jpg</thumbnail>
		<animated_fanart></animated_fanart>
        <fanart>https://static1.squarespace.com/static/51b3dc8ee4b051b96ceb10de/t/59e8c6274c0dbffe29a9dd43/1508427308443/first-teaser-trailer-for-margot-robbies-tanya-harding-biopic-i-tonya-social.jpg</fanart>
</item>


<item>
        <title>I Love You, Daddy</title>
        <meta>
                <content>movie</content>
                <imdb>tt7264080</imdb>
                <title>I Love You, Daddy</title>
                <year>2017</year>
        </meta>
        <link>
				<sublink>https://uptobox.com/cjo9hrh6wt2i(DVD Screener)</sublink>
                <sublink>search</sublink>
                <sublink>searchsd</sublink>
        </link>
        <animated_thumbnail></animated_thumbnail>
        <thumbnail>https://www.chlomo.org/chan/chloe/src/1507302011976_iloveyoudaddy.jpg</thumbnail>
		<animated_fanart></animated_fanart>
        <fanart>https://media.aintitcool.com/media/uploads/2017/bigeyes/iloveyoudaddyck_large.png</fanart>
</item>


<item>
        <title>Three Billboards Outside Ebbing, Missouri</title>
        <meta>
                <content>movie</content>
                <imdb>tt5027774</imdb>
                <title>Three Billboards Outside Ebbing, Missouri</title>
                <year>2017</year>
        </meta>
        <link>
				<sublink>https://uptobox.com/6356d3kxy9ci(DVD Screener)</sublink>
                <sublink>search</sublink>
                <sublink>searchsd</sublink>
        </link>
        <animated_thumbnail></animated_thumbnail>
        <thumbnail>https://posterspy.com/wp-content/uploads/2017/12/WEB-new-Three-billboards-outside-Ebbing-Missouri-poster-classic_48_sheet-250x375.jpg</thumbnail>
		<animated_fanart></animated_fanart>
        <fanart>https://i.ytimg.com/vi/3JeSDQSKDvc/maxresdefault.jpg</fanart>
</item>


<item>
        <title>Last Flag Flying</title>
        <meta>
                <content>movie</content>
                <imdb>tt6018306</imdb>
                <title>Last Flag Flying</title>
                <year>2017</year>
        </meta>
        <link>
				<sublink>https://uptobox.com/6r6ndbo1n6pv(DVD Screener)</sublink>
                <sublink>search</sublink>
                <sublink>searchsd</sublink>
        </link>
        <animated_thumbnail></animated_thumbnail>
        <thumbnail>https://images-na.ssl-images-amazon.com/images/M/MV5BMjI3MDAxNTg1OF5BMl5BanBnXkFtZTgwMzMzMDM1MzI@._V1_UY1200_CR90,0,630,1200_AL_.jpg</thumbnail>
		<animated_fanart></animated_fanart>
        <fanart>https://i.ytimg.com/vi/VmS4lTZ34uk/maxresdefault.jpg</fanart>
</item>


<item>
        <title>Call Me by Your Name</title>
        <meta>
                <content>movie</content>
                <imdb>tt5726616</imdb>
                <title>Call Me by Your Name</title>
                <year>2017</year>
        </meta>
        <link>
				<sublink>https://uptobox.com/pcx4x05byltc(DVD Screener)</sublink>
                <sublink>search</sublink>
                <sublink>searchsd</sublink>
        </link>
        <animated_thumbnail></animated_thumbnail>
        <thumbnail>https://i.pinimg.com/236x/a8/dc/79/a8dc791b1fb3956c423e60e9267edddc.jpg</thumbnail>
		<animated_fanart></animated_fanart>
        <fanart>https://i2.wp.com/nothingbutgeek.com/wp-content/uploads/2017/08/ezWRlvxRNcGJGSbFELXXAvA6riq.jpg</fanart>
</item>


<item>
        <title>Dealt</title>
        <meta>
                <content>movie</content>
                <imdb>tt3127902</imdb>
                <title>Dealt</title>
                <year>2017</year>
        </meta>
        <link>
				<sublink>https://uptobox.com/udvagl1z46ul(720p Amazon WebRip)</sublink>
                <sublink>search</sublink>
                <sublink>searchsd</sublink>
        </link>
        <animated_thumbnail></animated_thumbnail>
        <thumbnail>https://eplay-prod.s3-eu-west-1.amazonaws.com/store/movie_region_poster/3653/file/movie_detail_image/3bd3441126ba50a4d9a6bb7e084f444b.jpg</thumbnail>
		<animated_fanart></animated_fanart>
        <fanart>https://nfb.org/images/dealt.png</fanart>
</item>


