<xml>
	<dir>
		<title>Adult Cartoons</title>
		<tmdb>list/43592</tmdb>
		<thumbnail>https://image.tmdb.org/t/p/original/v32fXIJNVK5fDyukpuHp7nQqWX4.jpg</thumbnail>
		<summary>Cartoons for adults.</summary>
	</dir>
	<dir>
		<title>Comedy Shows</title>
		<tmdb>list/43535</tmdb>
		<thumbnail>https://image.tmdb.org/t/p/original/aiZd4NcckCOKIDKySzACUf5Rk2U.jpg</thumbnail>
		<summary>Comedy TV Shows</summary>
	</dir>
	<dir>
		<title>Crime</title>
		<tmdb>list/43585</tmdb>
		<thumbnail>https://image.tmdb.org/t/p/original/63tvg7N3o1bodWb2Vjzo9jxbPWc.jpg</thumbnail>
		<summary>Crime, Murder, Detectives and Mysteries.</summary>
	</dir>
	<dir>
		<title>Drama</title>
		<tmdb>list/43582</tmdb>
		<thumbnail>https://image.tmdb.org/t/p/original/eq8mvitSr3wWSoYtsYLtHsmqxL4.jpg</thumbnail>
		<summary>Drama and easy viewing.</summary>
	</dir>
	<dir>
		<title>SyFy Shows</title>
		<tmdb>list/43593</tmdb>
		<thumbnail>https://image.tmdb.org/t/p/original/fByQ8M2Jx6GlhxaSl8y5Yl6geCc.jpg</thumbnail>
		<summary>SyFy shows.</subject>
	</dir>
	<dir>
		<title>Popular Shows</title>
		<tmdb>tv/popular</tmdb>
		<thumbnail></thumbnail>
		<summary>Popular TV Shows</summary>
	</dir>
	<dir>
		<title>Top Rated Shows</title>
		<tmdb>tv/top_rated</tmdb>
		<thumbnail></thumbnail>
		<summary>Top Rated Tv Shows</summary>
	</dir>
	<dir>
		<title>Airing Today</title>
		<tmdb>tv/today</tmdb>
		<thumbnail></thumbnail>
		<summary>Tv Shows Airing Today</summary>
	</dir>
	<dir>
		<title>Search Shows</title>
		<tmdb>search</tmdb>
		<thumbnail></thumbnail>
		<summary>Search for TV Shows on TMDB</summary>
	</dir>
</xml>