<?xml version="1.0" encoding="UTF-8" standalone="yes"?>
<addon id="plugin.video.wooly" name="Wooly's Stuff" version="2.7" provider-name="Wooly">
    <requires>
        <import addon="xbmc.python" version="2.19.0" />
        <import addon="script.module.nanscrapers" version="0.5.5" />
        <import addon="script.module.python.koding.aio" version="0.9.6.6" />
        <import addon="script.module.beautifulsoup" version="3.2.1" />
        <import addon="script.module.requests" version="2.9.1" />
        <import addon="script.module.addon.common" version="2.0.0" />
        <import addon="script.module.xmltodict" version="0.9.0" />
        <!--<import addon="script.module.web-pdb" version="1.0"/>-->
        <import addon="script.module.urlresolver" version="1.2.0" />
    </requires>
    <extension point="xbmc.python.pluginsource" library="default.py">
        <provides>video</provides>
    </extension>
    <extension point="xbmc.service" library="service.py" start="[login|startup]" />
    <extension point="xbmc.addon.metadata">
      <summary lang="en">Wooly's Stuff</summary>
      <description lang="en">Wooly's addon for Movies and TvShows</description>
	  <news>Have added TV Show stuff to the addon. Version 2.7 Changes in the Main Menu. Have moved where it is stored.</news>
      <disclaimer lang="en">The author of this addon do not host any of the content which is found and have no affiliation with any of the content providers. This addon simply searches websites for content. Use at your own risk!</disclaimer>
      <platform>all</platform>
        <website>wolfsbuild.mypi.co</website>
        <video_guide>xtOqLY5PJDY</video_guide>
    </extension>
</addon>
