<xml>
	<dir>
		<title>Genres</title>
		<link>https://raw.githubusercontent.com/woolyk/woolyk/master/plugin.video.wooly/xml/movies/genremovies.xml</link>
	</dir>
	<dir>
		<title>Years</title>
		<link>https://raw.githubusercontent.com/woolyk/woolyk/master/plugin.video.wooly/xml/movies/yearsmovies.xml</link>
	</dir>
	<dir>
		<title>Collections</title>
		<link>https://raw.githubusercontent.com/woolyk/woolyk/master/plugin.video.wooly/xml/movies/collections.xml</link>
	</dir>
	<dir>
		<title>Most Popular</title>
		<tmdb>movies/popular</tmdb>
	</dir>
	<dir>
		<title>Now Playing</title>
		<tmdb>movies/now_playing</tmdb>
	</dir>
	<dir>
		<title>Top Rated</title>
		<tmdb>movies/top_rated</tmdb>
	</dir>
	<dir>
		<title>Trending</title>
		<trakt>https://api.trakt.tv/movies/trending</trakt>
	</dir>
	<dir>
		<title>Search TMDB</title>
		<tmdb>search</tmdb>
	</dir>
	<dir>
		<title>Search Trakt</title>
		<trakt>search</trakt>
	</dir>
	<dir>
		<title>TESTING</title>
		<link>https://raw.githubusercontent.com/woolyk/woolyk/master/plugin.video.wooly/xml/collections.xml</link>
	</dir>
</xml>
