<dir>
	<title>Genres</title>
	<link>https://raw.githubusercontent.com/woolyk/woolyk/master/plugin.video.wooly/xml/movies/genremovies.xml</link>
	<thumbnail></thumbnail>
	<summary>Movie Genres</summary>
</dir>

<dir>
	<title>Collections</title>
	<link>https://raw.githubusercontent.com/woolyk/woolyk/master/plugin.video.wooly/xml/movies/collections.xml</link>
	<summary>A Collection of Movies to keep you entertained for hours.</summary>
</dir>

<dir>
	<title>Most Popular</title>
	<tmdb>movies/popular</tmdb>
	<summary>Popular Movies</summary>
</dir>

<dir>
	<title>Now Playing</title>
	<tmdb>movies/now_playing</tmdb>
	<summary>Movies playing now</summary>
</dir>

<dir>
	<title>Top Rated</title>
	<tmdb>movies/top_rated</tmdb>
	<summary>Top Rated Movies.</summary>
</dir>

<dir>
	<title>Search</title>
	<tmdb>search</tmdb>
	<summary>Search for Movies on TMDB</summary>
</dir>

