<item>
<title>The Script - Live at Croke Park </title>
<link>https://www.youtube.com/watch/G801-dXTDVY</link>
<thumbnail>http://s2.evcdn.com/images/edpborder500/I0-001/004/191/973-7.jpeg_/the-script-73.jpeg</thumbnail>
</item>

<item>
<title>1975 - Lollapalooza</title>
<link>https://www.youtube.com/watch/O5A425xwdTs</link>
<thumbnail>http://www.aaaedinburgh.co.uk/wp-content/uploads/2015/11/the19751.png</thumbnail>
</item>

<item>
<title>1975 - Lounge Symphony</title>
<link>https://www.youtube.com/watch/IiYbBdacOtM</link>
<thumbnail>http://www.aaaedinburgh.co.uk/wp-content/uploads/2015/11/the19751.png</thumbnail>
</item>

<item>
<title>1975 Live - Reading and Leeds Festival</title>
<link>https://www.youtube.com/watch/lNEN7MLgFiY</link>
<thumbnail>http://www.aaaedinburgh.co.uk/wp-content/uploads/2015/11/the19751.png</thumbnail>
</item>

<item>
<title>ABBA - Live at Wembley</title>
<link>https://www.youtube.com/watch/UFBKCuu3ts8</link>
<thumbnail>https://c.saavncdn.com/artists/Abba.jpg</thumbnail>
</item>

<item>
<title>ABBA - Live in Australia</title>
<link>https://www.youtube.com/watch/6Z3XvUzQjco</link>
<thumbnail>https://c.saavncdn.com/artists/Abba.jpg</thumbnail>
</item>

<item>
<title>AC/DC - Live at Oakland Coliseum</title>
<link>https://www.youtube.com/watch/https://youtu.be/epSe9V5ngeo</link>
<thumbnail>https://www.music-bazaar.com/album-images/vol12/627/627652/2473053-big/The-Very-Best-Of-AC-DC-CD2-cover.jpg</thumbnail>
</item>

<item>
<title>AC/DC - Live in Munich 2001</title>
<link>https://www.youtube.com/watch/SaUN0QHOkHk</link>
<thumbnail>https://www.music-bazaar.com/album-images/vol12/627/627652/2473053-big/The-Very-Best-Of-AC-DC-CD2-cover.jpg</thumbnail>
</item>

<item>
<title>AC/DC - Rock Or Bust</title>
<link>https://www.youtube.com/watch/7uauVGvTF-8</link>
<thumbnail>https://www.music-bazaar.com/album-images/vol12/627/627652/2473053-big/The-Very-Best-Of-AC-DC-CD2-cover.jpg</thumbnail>
</item>

<item>
<title>Above & Beyond - Live at EDC Las Vegas</title>
<link>https://www.youtube.com/watch/cS6Hi2Avoww</link>
<thumbnail>https://i1.sndcdn.com/artworks-000081639580-p1ksiw-t500x500.jpg</thumbnail>
</item>

<item>
<title>Above & Beyond - Live at Ziggo Dome</title>
<link>https://www.youtube.com/watch/cS6Hi2Avoww</link>
<thumbnail>https://i1.sndcdn.com/artworks-000081639580-p1ksiw-t500x500.jpg</thumbnail>
</item>

<item>
<title>Adele - Live at The Tabernacle</title>
<link>https://www.youtube.com/watch/xUkFF5l_uvU</link>
<thumbnail>http://www.bennytarantini.com/site/wp-content/uploads/2015/07/OP15246_AM_Adele_PR2_RGB-e1456936271246.jpg</thumbnail>
</item>

<item>
<title>Adele - Live in New York city</title>
<link>https://www.youtube.com/watch/ChoqXQqJbmE</link>
<thumbnail>http://www.bennytarantini.com/site/wp-content/uploads/2015/07/OP15246_AM_Adele_PR2_RGB-e1456936271246.jpg</thumbnail>
</item>

<item>
<title>Aerosmith - Live in Detroit</title>
<link>https://www.youtube.com/watch/neFgnugwc14</link>
<thumbnail>https://www.equinox-music.com/files/img/aerosmith.png</thumbnail>
</item>

<item>
<title>Aerosmith - Live in Moscow</title>
<link>https://www.youtube.com/watch/SFD2ZgVe_pc</link>
<thumbnail>https://www.equinox-music.com/files/img/aerosmith.png</thumbnail>
</item>

<item>
<title>Amy Winehouse - Live In London</title>
<link>https://www.youtube.com/watch/XwLaaPrybUA</link>
<thumbnail>http://saintheron.com/wp-content/uploads/2015/12/IMG_1233-500x500.jpg</thumbnail>
</item>

<item>
<title>Amy Winehouse - Live at Glastonbury</title>
<link>https://www.youtube.com/watch/8Poc65uzT1s</link>
<thumbnail>http://saintheron.com/wp-content/uploads/2015/12/IMG_1233-500x500.jpg</thumbnail>
</item>

<item>
<title>Arctic Monkeys - AM Tour</title>
<link>https://www.youtube.com/watch/R-srhsBhE-0</link>
<thumbnail>https://s6.favim.com/orig/141104/am-arctic-monkeys-best-music-Favim.com-2208906.jpg</thumbnail>
</item>

<item>
<title>Arctic Monkeys - Live at Glastonbury</title>
<link>https://www.youtube.com/watch/BoHkfAhQ8Fc</link>
<thumbnail>https://s6.favim.com/orig/141104/am-arctic-monkeys-best-music-Favim.com-2208906.jpg</thumbnail>
</item>

<item>
<title>Arctic Monkeys - Reading and Leeds Festival</title>
<link>https://www.youtube.com/watch/HwINhUczIlY</link>
<thumbnail>https://s6.favim.com/orig/141104/am-arctic-monkeys-best-music-Favim.com-2208906.jpg</thumbnail>
</item>

<item>
<title>Ariana Grande - Live At iHeartRadio Music Festival</title>
<link>https://www.youtube.com/watch/HOXEwdi6LEU</link>
<thumbnail>http://e-cdn-images.deezer.com/images/artist/255eb85b134ad27052af07c76133d67a/500x500.jpg</thumbnail>
</item>

<item>
<title>Ariana Grande - One Love Manchester</title>
<link>https://www.youtube.com/watch/W_QWv895SRM</link>
<thumbnail>http://e-cdn-images.deezer.com/images/artist/255eb85b134ad27052af07c76133d67a/500x500.jpg</thumbnail>
</item>

<item>
<title>Armin van Buuren - Live at Tomorrowland</title>
<link>https://www.youtube.com/watch/9vQ6X_xFSYw</link>
<thumbnail>https://i1.sndcdn.com/artworks-000117338662-7rw4kl-t500x500.jpg</thumbnail>
</item>

<item>
<title>Armin van Buuren - The Armin Only Intense World Tour</title>
<link>https://www.youtube.com/watch/F-7OFftB43w</link>
<thumbnail>https://i1.sndcdn.com/artworks-000117338662-7rw4kl-t500x500.jpg</thumbnail>
</item>

<item>
<title>Avril Lavigne - Live at Roxy Theatre</title>
<link>https://www.youtube.com/watch/ln4xlpATUTc</link>
<thumbnail>https://www.celebdetail.com/wp-content/uploads/2013/11/Avril-Lavigne-Bra-Size-Wiki-Hot-Images.jpg</thumbnail>
</item>

<item>
<title>BBC Radio 1 - Benji B Live at Café Mambo</title>
<link>https://www.youtube.com/watch/Gkpq90mkaNw</link>
<thumbnail>https://www.spiff-radio.org/wordpress/wp-content/uploads/2014/07/bbc-radio-11.png</thumbnail>
</item>

<item>
<title>BBC Radio 1 - Disclosure B2B Annie Mac Live at Café Mambo</title>
<link>https://www.youtube.com/watch/YjQ2-ZuFAI4</link>
<thumbnail>https://www.spiff-radio.org/wordpress/wp-content/uploads/2014/07/bbc-radio-11.png</thumbnail>
</item>

<item>
<title>BBC Radio 1 - Fatboy Slim Live at Café Mambo</title>
<link>https://www.youtube.com/watch/wWnP5D3uuYA</link>
<thumbnail>https://www.spiff-radio.org/wordpress/wp-content/uploads/2014/07/bbc-radio-11.png</thumbnail>
</item>

<item>
<title>BBC Radio 1 - Ibiza Highlights</title>
<link>https://www.youtube.com/watch/L00OTY716cU</link>
<thumbnail>https://www.spiff-radio.org/wordpress/wp-content/uploads/2014/07/bbc-radio-11.png</thumbnail>
</item>

<item>
<title>BBC Radio 1 - Ibiza Prom</title>
<link>https://www.youtube.com/watch/xs3BXVTF7mw</link>
<thumbnail>https://www.spiff-radio.org/wordpress/wp-content/uploads/2014/07/bbc-radio-11.png</thumbnail>
</item>

<item>
<title>Bad Manners - Don't Knock The Bald Heads</title>
<link>https://www.youtube.com/watch/AcWIup_XKLw</link>
<thumbnail>http://www.crashrecords.co.uk/wp-content/uploads/2017/06/bad-manners.jpg</thumbnail>
</item>

<item>
<title>Beatles - Live in Australia</title>
<link>https://www.youtube.com/watch/e6r523MsuUk</link>
<thumbnail>https://s-media-cache-ak0.pinimg.com/736x/cf/ef/24/cfef247e7e9d61216d12e86d2b2d729e--les-beatles-rock-bands.jpg</thumbnail>
</item>

<item>
<title>BeeGees - One For Australia</title>
<link>https://www.youtube.com/watch/p_SOJauGVeI</link>
<thumbnail>https://i1.sndcdn.com/artworks-000179456427-upowxo-t500x500.jpg</thumbnail>
</item>

<item>
<title>Beyonce - Live at Glastonbury</title>
<link>https://www.youtube.com/watch/AJPew8bOMyQ</link>
<thumbnail>http://2dopeboyz.com/wp-content/uploads/2013/03/20130321-BEYONCE.jpg</thumbnail>
</item>

<item>
<title>Beyonce - Live at Global Citizen Festival</title>
<link>https://www.youtube.com/watch/x18Yoh6so4o</link>
<thumbnail>http://2dopeboyz.com/wp-content/uploads/2013/03/20130321-BEYONCE.jpg</thumbnail>
</item>

<item>
<title>Billy Joel - Live at Bonnaroo</title>
<link>https://www.youtube.com/watch/oerZ1cYE-Qk</link>
<thumbnail>https://images-na.ssl-images-amazon.com/images/I/51UJa6rlSAL._SS500.jpg</thumbnail>
</item>

<item>
<title>Billy Joel - Live in Tokyo</title>
<link>https://www.youtube.com/watch/Y9QIEBubIPc</link>
<thumbnail>https://images-na.ssl-images-amazon.com/images/I/51UJa6rlSAL._SS500.jpg</thumbnail>
</item>

<item>
<title>Black Sabbath - Live in Paris</title>
<link>https://www.youtube.com/watch/6yZA4TC_pt4</link>
<thumbnail>https://68.media.tumblr.com/f25970e06e83349ae0796332df7e05ca/tumblr_naajdbJn2y1s3zziro1_500.gif</thumbnail>
</item>

<item>
<title>Black Sabbath - Never Say Die</title>
<link>https://www.youtube.com/watch/ZGdtehZ1BZ0</link>
<thumbnail>https://68.media.tumblr.com/f25970e06e83349ae0796332df7e05ca/tumblr_naajdbJn2y1s3zziro1_500.gif</thumbnail>
</item>

<item>
<title>Blur - Live at Hyde Park</title>
<link>https://www.youtube.com/watch/_ll4r3bC-dk</link>
<thumbnail>https://i1.sndcdn.com/artworks-000035044044-i50pqm-t500x500.jpg</thumbnail>
</item>

<item>
<title>Blur - Live at Köln Music Hall</title>
<link>https://www.youtube.com/watch/FhJshj22pnM</link>
<thumbnail>https://i1.sndcdn.com/artworks-000035044044-i50pqm-t500x500.jpg</thumbnail>
</item>

<item>
<title>Blur - Live in Chile </title>
<link>https://www.youtube.com/watch/ebRfvAsrwxY</link>
<thumbnail>https://i1.sndcdn.com/artworks-000035044044-i50pqm-t500x500.jpg</thumbnail>
</item>

<item>
<title>Blur - Live in Hong Kong</title>
<link>https://www.youtube.com/watch/f1EcExZcOQE</link>
<thumbnail>https://i1.sndcdn.com/artworks-000035044044-i50pqm-t500x500.jpg</thumbnail>
</item>

<item>
<title>Bob Dylan - Oakland Coliseum Arena</title>
<link>https://www.youtube.com/watch/AIjzSrq0UgE</link>
<thumbnail>http://www.jmeshel.com/wp-content/uploads/2017/03/11e499000e1ae934ee0afb385d9863ca.jpg</thumbnail>
</item>

<item>
<title>Bob Marley & the Wailers - Harvard Stadium Boston</title>
<link>https://www.youtube.com/watch/3-5yg7C5o4Q</link>
<thumbnail>https://pbs.twimg.com/profile_images/1846300072/BOBMARLEY.jpg</thumbnail>
</item>

<item>
<title>Bob Marley & the Wailers - Live In Rockpalast</title>
<link>https://www.youtube.com/watch/XspU6g9m2Fs</link>
<thumbnail>https://pbs.twimg.com/profile_images/1846300072/BOBMARLEY.jpg</thumbnail>
</item>

<item>
<title>Bob Marley & the Wailers - Live at Oakland Auditorium</title>
<link>https://www.youtube.com/watch/r55iXZ6btJ8</link>
<thumbnail>https://pbs.twimg.com/profile_images/1846300072/BOBMARLEY.jpg</thumbnail>
</item>

<item>
<title>Bon Jovi - Live at Cleveland</title>
<link>https://www.youtube.com/watch/O1x-nXUL0hE</link>
<thumbnail>http://www.music-news.com/images/news/BonJovi.jpg</thumbnail>
</item>

<item>
<title>Bon Jovi - Live at Wembley Stadium</title>
<link>https://www.youtube.com/watch/52BozfS0wCY</link>
<thumbnail>http://www.music-news.com/images/news/BonJovi.jpg</thumbnail>
</item>

<item>
<title>Bon Jovi - Live in Times Square</title>
<link>https://www.youtube.com/watch/XoYVFBKY6_A</link>
<thumbnail>http://www.music-news.com/images/news/BonJovi.jpg</thumbnail>
</item>

<item>
<title>Bruce Springsteen - Live in Lisbon</title>
<link>https://www.youtube.com/watch/B_FOn2nUy5Q</link>
<thumbnail>https://s-media-cache-ak0.pinimg.com/736x/36/34/18/3634181db77da0a2e4d747184b6097a6.jpg</thumbnail>
</item>

<item>
<title>Bruce Springsteen - Madison Square Garden</title>
<link>https://www.youtube.com/watch/Nv36RaPrOrc</link>
<thumbnail>https://s-media-cache-ak0.pinimg.com/736x/36/34/18/3634181db77da0a2e4d747184b6097a6.jpg</thumbnail>
</item>

<item>
<title>Bruno Mars - Radio 1 Weekender</title>
<link>https://www.youtube.com/watch/fV8OTEGjgk4</link>
<thumbnail>https://pbs.twimg.com/profile_images/786296148663365632/MHYpX42L.jpg</thumbnail>
</item>

<item>
<title>Bryan Adams - Front and Centre</title>
<link>https://www.youtube.com/watch/w3UYTH8-i6U</link>
<thumbnail>http://e-cdn-images.deezer.com/images/artist/b52571c814d48a1648c8b1df8ef67450/500x500.jpg</thumbnail>
</item>

<item>
<title>Candy Dulfer - Baloise Session</title>
<link>https://www.youtube.com/watch/S3kKiot7u5Q</link>
<thumbnail>http://thejazzinmee.com/wp-content/uploads/2013/08/Candy_Dulfer_resize-500x500.jpg</thumbnail>
</item>

<item>
<title>Carl Cox - Boiler Room Ibiza Villa Takeovers</title>
<link>https://www.youtube.com/watch/vy-k0FopsmY</link>
<thumbnail>https://images.music-worx.com/topdjs/Carl-Cox.jpg</thumbnail>
</item>

<item>
<title>Carl Cox - Live at Radio 1 Ibiza</title>
<link>https://www.youtube.com/watch/NnK6n0T-B4M</link>
<thumbnail>https://images.music-worx.com/topdjs/Carl-Cox.jpg</thumbnail>
</item>

<item>
<title>Carpenters -  Live at the The Talk of the Town</title>
<link>https://www.youtube.com/watch/Lthl3386XGI</link>
<thumbnail>https://images-na.ssl-images-amazon.com/images/I/31HVpvjgLPL.jpg</thumbnail>
</item>

<item>
<title>Carpenters - Live at the New London Theatre</title>
<link>https://www.youtube.com/watch/1MCarkGd4Xk</link>
<thumbnail>https://images-na.ssl-images-amazon.com/images/I/31HVpvjgLPL.jpg</thumbnail>
</item>

<item>
<title>Cher - Live in Vegas</title>
<link>https://www.youtube.com/watch/O8aH7iLegP0</link>
<thumbnail>http://photos.seriouslyomg.com/i.ashx?&mid=101853662&mt=Photo&standardsize=500x500</thumbnail>
</item>

<item>
<title>Chicago - Live Greek Theatre Concert</title>
<link>https://www.youtube.com/watch/N8FcJ6f3xJ4</link>
<thumbnail>https://image-ticketfly.imgix.net/00/01/98/29/51-og.jpg?w=500&h=500</thumbnail>
</item>

<item>
<title>Chicago featuring The Doobie Brothers  - Live in Chicago</title>
<link>https://www.youtube.com/watch/XGZXlbTlyFo</link>
<thumbnail>https://image-ticketfly.imgix.net/00/01/98/29/51-og.jpg?w=500&h=500</thumbnail>
</item>

<item>
<title>Christy Moore - Late Late Show Tribute</title>
<link>https://www.youtube.com/watch?v=8zG3eLOc8E4</link>
<thumbnail>http://e-cdn-images.deezer.com/images/artist/3e1f911241b06f8bd24f6b85d1f7be48/500x500.jpg</thumbnail>
</item>

<item>
<title>Christy Moore - Sound Check Live At The Point</title>
<link>https://www.youtube.com/watch?v=WycCdpwJGE0</link>
<thumbnail>http://e-cdn-images.deezer.com/images/artist/3e1f911241b06f8bd24f6b85d1f7be48/500x500.jpg</thumbnail>
</item>

<item>
<title>Coldplay - Live at Glastonbury 2016</title>
<link>https://www.youtube.com/watch/xfrbu3cLdUg</link>
<thumbnail>https://c.saavncdn.com/artists/Coldplay.jpg</thumbnail>
</item>

<item>
<title>Coldplay - Live at Global Citizen</title>
<link>https://www.youtube.com/watch/3r62Gt7-hVs</link>
<thumbnail>https://c.saavncdn.com/artists/Coldplay.jpg</thumbnail>
</item>

<item>
<title>Coldplay - Live at the Stade De France</title>
<link>https://www.youtube.com/watch/1pUk-QT4Mwo</link>
<thumbnail>https://c.saavncdn.com/artists/Coldplay.jpg</thumbnail>
</item>

<item>
<title>Coldplay - Live in Madrid</title>
<link>https://www.youtube.com/watch/xfUl2SSQRIY</link>
<thumbnail>https://c.saavncdn.com/artists/Coldplay.jpg</thumbnail>
</item>

<item>
<title>Coldplay - Radio 1 Live Lounge</title>
<link>https://www.youtube.com/watch/A2p-5-5kc3M</link>
<thumbnail>https://c.saavncdn.com/artists/Coldplay.jpg</thumbnail>
</item>

<item>
<title>Coldplay - Rock in RIO</title>
<link>https://www.youtube.com/watch/znzXyDKsoYc</link>
<thumbnail>https://c.saavncdn.com/artists/Coldplay.jpg</thumbnail>
</item>

<item>
<title>Coldplay - T in the Park</title>
<link>https://www.youtube.com/watch/kKJnzKiB1-o</link>
<thumbnail>https://c.saavncdn.com/artists/Coldplay.jpg</thumbnail>
</item>

<item>
<title>Cream - The Reunion</title>
<link>https://www.youtube.com/watch/UJefbp-s9LA</link>
<thumbnail>http://ecx.images-amazon.com/images/I/61%2BAYIE3TcL._SL500_.jpg</thumbnail>
</item>

<item>
<title>Dash Berlin - Live at Ultra Music Festival</title>
<link>https://www.youtube.com/watch/xil1jOjAXr4</link>
<thumbnail>https://i1.sndcdn.com/artworks-000149476919-h97oxa-t500x500.jpg</thumbnail>
</item>

<item>
<title>David Bowie - Live By Request</title>
<link>https://www.youtube.com/watch/eQq4FH81jd0</link>
<thumbnail>https://s3-eu-central-1.amazonaws.com/centaur-wp/creativereview/prod/content/uploads/2017/01/2Aladdin-Sane-Eyes-Open-Photo-Duffy-%C2%A9-Duffy-Archive-The-David-Bowie-Archive-%E2%84%A2-500x500.jpg</thumbnail>
</item>

<item>
<title>David Bowie - Live at the BBC Radio Theatre</title>
<link>https://www.youtube.com/watch/AFNSEgR0pU</link>
<thumbnail>https://s3-eu-central-1.amazonaws.com/centaur-wp/creativereview/prod/content/uploads/2017/01/2Aladdin-Sane-Eyes-Open-Photo-Duffy-%C2%A9-Duffy-Archive-The-David-Bowie-Archive-%E2%84%A2-500x500.jpg</thumbnail>
</item>

<item>
<title>David Guetta - Live at Tomorrowland</title>
<link>https://www.youtube.com/watch/sq0GW1nRsYo</link>
<thumbnail>http://media.new.mensxp.com/media/content/2017/Jan/2-1484397672.jpg</thumbnail>
</item>

<item>
<title>David Guetta - Live at Ultra Music Festival</title>
<link>https://www.youtube.com/watch/P2x3-b6JEj8</link>
<thumbnail>http://media.new.mensxp.com/media/content/2017/Jan/2-1484397672.jpg</thumbnail>
</item>

<item>
<title>Dead Kennedys - Live in San Francisco</title>
<link>https://www.youtube.com/watch/FYfSt0xcQIk</link>
<thumbnail>http://68.media.tumblr.com/tumblr_n6ltywdss61tapftu_og.jpg</thumbnail>
</item>

<item>
<title>Def Leppard - Viva! Hysteria</title>
<link>https://www.youtube.com/watch/yiNIvRWhBHg</link>
<thumbnail>http://cps-static.rovicorp.com/3/JPG_500/MI0003/962/MI0003962673.jpg?partner=allrovi.com</thumbnail>
</item>

<item>
<title>Dennis DeYoung and the Music of Styx - Live in Los Angeles</title>
<link>https://www.youtube.com/watch/pZThG_d4lyc</link>
<thumbnail>https://www.grande-rock.com/sites/default/files/imagecache/large/imagesnews/dennisdeyoungandthemusicofstyx-liveinlosangeles-cover2014.jpg</thumbnail>
</item>

<item>
<title>Doobie Brothers - Live in Chicago</title>
<link>https://www.youtube.com/watch/jiHHCvmMD64</link>
<thumbnail>http://e-cdn-images.deezer.com/images/artist/1ed734ae42f8b6618ba7a76ca8f32986/500x500.jpg</thumbnail>
</item>

<item>
<title>Doobie Brothers - Live in Santa Barbara</title>
<link>https://www.youtube.com/watch/3LCB_RdfdXc</link>
<thumbnail>http://e-cdn-images.deezer.com/images/artist/1ed734ae42f8b6618ba7a76ca8f32986/500x500.jpg</thumbnail>
</item>

<item>
<title>Duke Dumont - Live at Radio Ibiza</title>
<link>https://www.youtube.com/watch/lIdJZXknVM0</link>
<thumbnail>http://e-cdn-images.deezer.com/images/artist/4118024e71bd7fe8346e41042b624491/500x500.jpg</thumbnail>
</item>

<item>
<title>Eagles - Live at the Capital Centre</title>
<link>https://www.youtube.com/watch/6ejTaoyVctg</link>
<thumbnail>http://e-cdn-images.deezer.com/images/artist/414173bc159959b21e4003587b931081/500x500.jpg</thumbnail>
</item>

<item>
<title>Earth Wind and Fire - By Request</title>
<link>https://www.youtube.com/watch/0mTLd9dpzas</link>
<thumbnail>https://i1.sndcdn.com/avatars-000041876276-nlov80-t500x500.jpg</thumbnail>
</item>

<item>
<title>Ed Sheeran - Live at iTunes Festival </title>
<link>https://www.youtube.com/watch/8zqgB2SCPLo</link>
<thumbnail>https://c.saavncdn.com/artists/Ed_Sheeran.jpg</thumbnail>
</item>

<item>
<title>Ed Sheeran - Multiply</title>
<link>https://www.youtube.com/watch/lR3vIjAZDnM</link>
<thumbnail>https://c.saavncdn.com/artists/Ed_Sheeran.jpg</thumbnail>
</item>

<item>
<title>Ed Sheeran - Radio 1 Live Lounge</title>
<link>https://www.youtube.com/watch/rIcxd7kisxo</link>
<thumbnail>https://c.saavncdn.com/artists/Ed_Sheeran.jpg</thumbnail>
</item>

<item>
<title>Ed Sheeran- Rock In Rio</title>
<link>https://www.youtube.com/watch/4xtEn2eOUNg</link>
<thumbnail>https://c.saavncdn.com/artists/Ed_Sheeran.jpg</thumbnail>
</item>

<item>
<title>Elbow - Live at Glastonbury</title>
<link>https://www.youtube.com/watch/9NM1exj4HEA</link>
<thumbnail>http://www.femalefirst.co.uk/image-library/partners/bang/square/500/1/1282578494-11.jpg</thumbnail>
</item>

<item>
<title>Elbow - Live at Hurricane</title>
<link>https://www.youtube.com/watch/RViPW64eL0g</link>
<thumbnail>http://www.femalefirst.co.uk/image-library/partners/bang/square/500/1/1282578494-11.jpg</thumbnail>
</item>

<item>
<title>Elbow - Live at Manchester Apollo</title>
<link>https://www.youtube.com/watch/HvIJL06DSV8</link>
<thumbnail>http://www.femalefirst.co.uk/image-library/partners/bang/square/500/1/1282578494-11.jpg</thumbnail>
</item>

<item>
<title>Elton John - Live At Madison Square Garden</title>
<link>https://www.youtube.com/watch/teYZM0Aft0A</link>
<thumbnail>http://www.maxfm.com.tr/files/artists/elton-john/images/elton1007.png</thumbnail>
</item>

<item>
<title>Elton John - Live at Outside Lands</title>
<link>https://www.youtube.com/watch/0JQQPErc-BA</link>
<thumbnail>http://www.maxfm.com.tr/files/artists/elton-john/images/elton1007.png</thumbnail>
</item>

<item>
<title>Elton John - Live at The Royal Opera House</title>
<link>https://www.youtube.com/watch/vschhZ7TxIM</link>
<thumbnail>http://www.maxfm.com.tr/files/artists/elton-john/images/elton1007.png</thumbnail>
</item>

<item>
<title>Elton John Live in Basel</title>
<link>https://www.youtube.com/watch/lNag96i3zkM</link>
<thumbnail>http://www.maxfm.com.tr/files/artists/elton-john/images/elton1007.png</thumbnail>
</item>

<item>
<title>Elvis - Final Concert</title>
<link>https://www.youtube.com/watch/Xh53niIqMtk</link>
<thumbnail>https://pbs.twimg.com/profile_images/1769232864/adufgash.jpg</thumbnail>
</item>

<item>
<title>Elvis Presley - Charlotte, GA Macon Coliseum</title>
<link>https://www.youtube.com/watch/PYf3tHuuQt4</link>
<thumbnail>https://pbs.twimg.com/profile_images/1769232864/adufgash.jpg</thumbnail>
</item>

<item>
<title>Eminem & Rihanna - The Monster Tour</title>
<link>http://www.missinfo.tv/wp-content/uploads/2014/02/eminem-rihanna.jpg.jpg</link>
<thumbnail>http://assets7.gcstatic.com/u/apps/asset_manager/uploaded/2013/46/eminem-and-rihanna-1385024560-custom-0.jpg</thumbnail>
</item>

<item>
<title>Eminem - Live at Wembley Stadium</title>
<link>https://www.youtube.com/watch/BSWlV85-MYI</link>
<thumbnail>http://www.radiovps.com/wp-content/uploads/2016/10/Eminem.jpg</thumbnail>
</item>

<item>
<title>Eminem - Live in New York City (4k video)</title>
<link>https://www.youtube.com/watch/ldWvm-ZqKaY</link>
<thumbnail>http://www.radiovps.com/wp-content/uploads/2016/10/Eminem.jpg</thumbnail>
</item>

<item>
<title>Eric Clapton - Live at Budokan</title>
<link>https://www.youtube.com/watch/3FE70D5mRp0</link>
<thumbnail>https://s-media-cache-ak0.pinimg.com/736x/ef/8b/da/ef8bda5420df6730de62c878ff35d20d--eric-clapton-film-music-books.jpg</thumbnail>
</item>

<item>
<title>Europe - Live at Shepherd's Bush</title>
<link>https://www.youtube.com/watch/mT9PVCsxx-M</link>
<thumbnail>https://pbs.twimg.com/profile_images/1376692189/Europe.jpg</thumbnail>
</item>

<item>
<title>Europe - Live at Wacken Open Air</title>
<link>https://www.youtube.com/watch/voyrL1Jm0ew</link>
<thumbnail>https://pbs.twimg.com/profile_images/1376692189/Europe.jpg</thumbnail>
</item>

<item>
<title>Evanescence - Rock in RIO</title>
<link>https://www.youtube.com/watch/5NGB-jdkM2c</link>
<thumbnail>https://i1.sndcdn.com/avatars-000006337692-g8r9s3-t500x500.jpg</thumbnail>
</item>

<item>
<title>Faithless - Live at Radio 1 Ibiza</title>
<link>https://www.youtube.com/watch/Q7mYLLnHqeM</link>
<thumbnail>http://vignette3.wikia.nocookie.net/lyricwiki/images/a/a6/Faithless.jpg/revision/latest?cb=20130828080132</thumbnail>
</item>

<item>
<title>Fall Out Boy - Leeds and Reading Festival</title>
<link>https://www.youtube.com/watch/N_tTy5Qe41w</link>
<thumbnail>https://dx72k0ec4onep.cloudfront.net/Curated+Brand+Images/fall-out-boy.jpg</thumbnail>
</item>

<item>
<title>Fall Out Boy - Live at March Madness Music Festival</title>
<link>https://www.youtube.com/watch/GTXkK5ANY1E</link>
<thumbnail>https://dx72k0ec4onep.cloudfront.net/Curated+Brand+Images/fall-out-boy.jpg</thumbnail>
</item>

<item>
<title>Fall Out Boy - Radio 1's Teen Awards </title>
<link>https://www.youtube.com/watch/-3LfOi2EfHE</link>
<thumbnail>https://dx72k0ec4onep.cloudfront.net/Curated+Brand+Images/fall-out-boy.jpg</thumbnail>
</item>

<item>
<title>Foo Fighters - Leeds and Reading Festival</title>
<link>https://www.youtube.com/watch/qf4wywF3PSk</link>
<thumbnail>http://s1.evcdn.com/images/edpborder500/I0-001/000/679/080-3.png_/foo-fighters-80.png</thumbnail>
</item>

<item>
<title>Foo Fighters - Live in Hyde Park</title>
<link>https://www.youtube.com/watch/P8fA4RRYmUQ</link>
<thumbnail>http://s1.evcdn.com/images/edpborder500/I0-001/000/679/080-3.png_/foo-fighters-80.png</thumbnail>
</item>

<item>
<title>Foo Fighters - Live in RIO</title>
<link>https://www.youtube.com/watch/SDiEv1cb_Zs</link>
<thumbnail>http://s1.evcdn.com/images/edpborder500/I0-001/000/679/080-3.png_/foo-fighters-80.png</thumbnail>
</item>

<item>
<title>Foo Fighters - Rock AM</title>
<link>https://www.youtube.com/watch/pnrx1UV6mdQ</link>
<thumbnail>http://s1.evcdn.com/images/edpborder500/I0-001/000/679/080-3.png_/foo-fighters-80.png</thumbnail>
</item>

<item>
<title>Foo Fighters Live at Cheese and Grain</title>
<link>https://www.youtube.com/watch/K9szlGyqEM8</link>
<thumbnail>http://s1.evcdn.com/images/edpborder500/I0-001/000/679/080-3.png_/foo-fighters-80.png</thumbnail>
</item>

<item>
<title>Foreigner - Live at Deer Creek</title>
<link>https://www.youtube.com/watch/0CnRbhB38O0</link>
<thumbnail>http://www.rocktopia.co.uk/media/reviews/photos/original/11/c4/0b/Foreigner-Live-2016-37-1476985813.jpg</thumbnail>
</item>

<item>
<title>Foreigner - Live in Dortmund</title>
<link>https://www.youtube.com/watch/yTkHV3hD010</link>
<thumbnail>http://www.rocktopia.co.uk/media/reviews/photos/original/11/c4/0b/Foreigner-Live-2016-37-1476985813.jpg</thumbnail>
</item>

<item>
<title>Foreigner - Unplugged</title>
<link>https://www.youtube.com/watch/mPnjyrQIn6E</link>
<thumbnail>http://www.rocktopia.co.uk/media/reviews/photos/original/11/c4/0b/Foreigner-Live-2016-37-1476985813.jpg</thumbnail>
</item>

<item>
<title>Genesis - Live in Dusseldorf</title>
<link>https://www.youtube.com/watch/I1oJ-Ib8D4E</link>
<thumbnail>https://pbs.twimg.com/profile_images/529678439633010688/_loXqEmj.png</thumbnail>
</item>

<item>
<title>Goo Goo Dolls - Live at Breckenridge</title>
<link>https://www.youtube.com/watch/d9vR2U3msjA</link>
<thumbnail>https://s3.amazonaws.com/images.sheetmusicdirect.com/Contributor/e2c00c56-8365-4160-9f40-a64682917633/large.jpg</thumbnail>
</item>

<item>
<title>Goo Goo Dolls - Live at Darien Lake</title>
<link>https://www.youtube.com/watch/vr_y-48LP70</link>
<thumbnail>https://s3.amazonaws.com/images.sheetmusicdirect.com/Contributor/e2c00c56-8365-4160-9f40-a64682917633/large.jpg</thumbnail>
</item>

<item>
<title>Goo Goo Dolls - Live at Red Rocks</title>
<link>https://www.youtube.com/watch/z8eCnyqFrxw</link>
<thumbnail>https://s3.amazonaws.com/images.sheetmusicdirect.com/Contributor/e2c00c56-8365-4160-9f40-a64682917633/large.jpg</thumbnail>
</item>

<item>
<title>Gorillaz - Live atDemon Dayz Festival</title>
<link>https://www.youtube.com/watch/GuEC_GD6iT0</link>
<thumbnail>https://images-na.ssl-images-amazon.com/images/I/51OfzG2H7aL._SS500.jpg</thumbnail>
</item>

<item>
<title>Gorillaz Live - Live at Glastonbury</title>
<link>https://www.youtube.com/watch/ETDRlowsigw</link>
<thumbnail>https://images-na.ssl-images-amazon.com/images/I/51OfzG2H7aL._SS500.jpg</thumbnail>
</item>

<item>
<title>Green Day - Rock Am Ring</title>
<link>https://www.youtube.com/watch/Q93wKRpmZU0</link>
<thumbnail>https://pbs.twimg.com/profile_images/2239621767/image.jpg</thumbnail>
</item>

<item>
<title>Guns N' Roses - Live at The Ritz</title>
<link>https://www.youtube.com/watch/9zKPjJgfIss</link>
<thumbnail>http://sleazeroxx.com/wp-content/uploads/GNR-photo.png</thumbnail>
</item>

<item>
<title>Guns N' Roses - Live in Chicago </title>
<link>https://www.youtube.com/watch/6SlKqVJT9tI</link>
<thumbnail>http://sleazeroxx.com/wp-content/uploads/GNR-photo.png</thumbnail>
</item>

<item>
<title>Guns N' Roses - Live in Tokyo</title>
<link>https://www.youtube.com/watch/oKw4HWNFN2Y</link>
<thumbnail>http://sleazeroxx.com/wp-content/uploads/GNR-photo.png</thumbnail>
</item>

<item>
<title>Hardwell - Live at Ultra Europe</title>
<link>https://www.youtube.com/watch/zCLQHbTK_84</link>
<thumbnail>http://www.edmselector.com/wp-content/uploads/2017/03/hardwell-n.jpg</thumbnail>
</item>

<item>
<title>Iron Maiden - Live  at Wacken</title>
<link>https://www.youtube.com/watch/_qy4s3F9P6I</link>
<thumbnail>https://s-media-cache-ak0.pinimg.com/originals/99/7a/8d/997a8da40fe968f43639ba83dfcf69c0.jpg</thumbnail>
</item>

<item>
<title>James - T in the Park</title>
<link>https://www.youtube.com/watch/jBxFfTHj8_I</link>
<thumbnail>https://images-eu.ssl-images-amazon.com/images/I/41bbCJ3PAQL._SS500.jpg</thumbnail>
</item>

<item>
<title>James Taylor - Live at Cultura 24</title>
<link>https://www.youtube.com/watch/EPm3zcvkiw4</link>
<thumbnail>http://mediamass.net/jdd/public/documents/celebrities/1269.jpg</thumbnail>
</item>

<item>
<title>James Taylor - Live in New York City</title>
<link>https://www.youtube.com/watch/V96EwqN9xEM</link>
<thumbnail>http://mediamass.net/jdd/public/documents/celebrities/1269.jpg</thumbnail>
</item>

<item>
<title>Jamiroquai - Live at Paleo Festival</title>
<link>https://www.youtube.com/watch/edYM--suJP8</link>
<thumbnail>http://static.tvtropes.org/pmwiki/pub/images/jamiroquai-300x3001_436.jpg</thumbnail>
</item>

<item>
<title>Jamiroquai - Live at Woodstock 99</title>
<link>https://www.youtube.com/watch/6cszCm5FrSM</link>
<thumbnail>http://static.tvtropes.org/pmwiki/pub/images/jamiroquai-300x3001_436.jpg</thumbnail>
</item>

<item>
<title>Jason Mraz - Backyard Concert</title>
<link>https://www.youtube.com/watch/WBIGmjQhpGY</link>
<thumbnail>http://e-cdn-images.deezer.com/images/artist/bd20c6bf9a5a2019bab8406f3c19b588/500x500.jpg</thumbnail>
</item>

<item>
<title>Jason Mraz - EBS</title>
<link>https://www.youtube.com/watch/zIqbmZBM1ao</link>
<thumbnail>http://e-cdn-images.deezer.com/images/artist/bd20c6bf9a5a2019bab8406f3c19b588/500x500.jpg</thumbnail>
</item>

<item>
<title>Jason Mraz - Live at Bonnaroo Manchester</title>
<link>https://www.youtube.com/watch/kpyGv4ujiAY</link>
<thumbnail>http://e-cdn-images.deezer.com/images/artist/bd20c6bf9a5a2019bab8406f3c19b588/500x500.jpg</thumbnail>
</item>

<item>
<title>Jason Mraz - Live in Hong Kong</title>
<link>https://www.youtube.com/watch/PsmagyzZtlA</link>
<thumbnail>http://e-cdn-images.deezer.com/images/artist/bd20c6bf9a5a2019bab8406f3c19b588/500x500.jpg</thumbnail>
</item>

<item>
<title>Jay Z - Live at Coachella Festival</title>
<link>https://www.youtube.com/watch/AokgW5ifmgQ</link>
<thumbnail>https://a3-images.myspacecdn.com/images03/35/a03b92e0338b4b229ae5e3cb379a2907/300x300.jpg</thumbnail>
</item>

<item>
<title>Jay Z - Live at Rock AM Ring</title>
<link>https://www.youtube.com/watch/MkV5MaXK68U</link>
<thumbnail>https://a3-images.myspacecdn.com/images03/35/a03b92e0338b4b229ae5e3cb379a2907/300x300.jpg</thumbnail>
</item>

<item>
<title>John Lennon & Plastic Ono Band - Live in Toronto</title>
<link>https://www.youtube.com/watch/uEqnT6Pr3iY</link>
<thumbnail>https://images-na.ssl-images-amazon.com/images/I/61RwQubXgYL.jpg</thumbnail>
</item>

<item>
<title>Justin Bieber - In Concert</title>
<link>https://www.youtube.com/watch/lVpbp9s8Jyk</link>
<thumbnail>https://pbs.twimg.com/profile_images/853824576559734784/9DmDKwmV.jpg</thumbnail>
</item>

<item>
<title>Kanye West - 808's and Heartbreak</title>
<link>https://www.youtube.com/watch/7T4SgKzsvYg</link>
<thumbnail>http://images.sk-static.com/images/media/profile_images/artists/552177/huge_avatar</thumbnail>
</item>

<item>
<title>Kanye West - Live at Coachella Festival</title>
<link>https://www.youtube.com/watch/AokgW5ifmgQ</link>
<thumbnail>http://images.sk-static.com/images/media/profile_images/artists/552177/huge_avatar</thumbnail>
</item>

<item>
<title>Kasabian - Live Reading and Leeds Festival</title>
<link>https://www.youtube.com/watch/wpIrz_n2YHw</link>
<thumbnail>http://e-cdn-images.deezer.com/images/artist/143fd19a34116f3ad09c9f88522c2cbf/500x500.jpg</thumbnail>
</item>

<item>
<title>Kasabian - Live T in the Park</title>
<link>https://www.youtube.com/watch/c3RURoMtQUw</link>
<thumbnail>http://e-cdn-images.deezer.com/images/artist/143fd19a34116f3ad09c9f88522c2cbf/500x500.jpg</thumbnail>
</item>

<item>
<title>Kasabian - Live at The Forum</title>
<link>https://www.youtube.com/watch/ZkWXubsY5gs</link>
<thumbnail>http://e-cdn-images.deezer.com/images/artist/143fd19a34116f3ad09c9f88522c2cbf/500x500.jpg</thumbnail>
</item>

<item>
<title>Kings of Leon - Live at Glastonbury</title>
<link>https://www.youtube.com/watch/1QLeKo9GGoM</link>
<thumbnail>http://s3.evcdn.com/images/edpborder500/I0-001/016/989/422-6.jpeg_/kings-of-leon-22.jpeg</thumbnail>
</item>

<item>
<title>Kings of Leon - Live at Lollapalooza</title>
<link>https://www.youtube.com/watch/YmSMkJ9rg0k</link>
<thumbnail>http://s3.evcdn.com/images/edpborder500/I0-001/016/989/422-6.jpeg_/kings-of-leon-22.jpeg</thumbnail>
</item>

<item>
<title>Kings of Leon - Live at Radio 1 Ibiza</title>
<link>https://www.youtube.com/watch/UcnVKMiHUUY</link>
<thumbnail>http://s3.evcdn.com/images/edpborder500/I0-001/016/989/422-6.jpeg_/kings-of-leon-22.jpeg</thumbnail>
</item>

<item>
<title>Kiss - Animalize Live Uncensored</title>
<link>https://www.youtube.com/watch/9tPgi0KzjP0</link>
<thumbnail>http://s2.evcdn.com/images/edpborder500/I0-001/001/664/665-3.jpeg_/kiss-65.jpeg</thumbnail>
</item>

<item>
<title>Kiss - Live at Cobo Hall</title>
<link>https://www.youtube.com/watch/Hd770ioHhHg</link>
<thumbnail>http://s2.evcdn.com/images/edpborder500/I0-001/001/664/665-3.jpeg_/kiss-65.jpeg</thumbnail>
</item>

<item>
<title>Kiss - Live in Houston</title>
<link>https://www.youtube.com/watch/5bLUUOhffsk</link>
<thumbnail>http://s2.evcdn.com/images/edpborder500/I0-001/001/664/665-3.jpeg_/kiss-65.jpeg</thumbnail>
</item>

<item>
<title>Kiss - Live in Toledo</title>
<link>https://www.youtube.com/watch/vjlMfxLJ6QY</link>
<thumbnail>http://s2.evcdn.com/images/edpborder500/I0-001/001/664/665-3.jpeg_/kiss-65.jpeg</thumbnail>
</item>

<item>
<title>Kiss - MTV Unplugged</title>
<link>https://www.youtube.com/watch/nOgmoNRqN6Q</link>
<thumbnail>http://s2.evcdn.com/images/edpborder500/I0-001/001/664/665-3.jpeg_/kiss-65.jpeg</thumbnail>
</item>

<item>
<title>Kiss - Monster Tour</title>
<link>https://www.youtube.com/watch/znVYOV76oBA</link>
<thumbnail>http://s2.evcdn.com/images/edpborder500/I0-001/001/664/665-3.jpeg_/kiss-65.jpeg</thumbnail>
</item>

<item>
<title>Kiss - Symphony</title>
<link>https://www.youtube.com/watch/fJaq0YP85kU</link>
<thumbnail>http://s2.evcdn.com/images/edpborder500/I0-001/001/664/665-3.jpeg_/kiss-65.jpeg</thumbnail>
</item>

<item>
<title>Lady Gaga - Live at Glastonbury</title>
<link>https://www.youtube.com/watch/d1GPP8RPDu8</link>
<thumbnail>http://assets.gcstatic.com/u/apps/asset_manager/uploaded/2016/02/lady-gaga-golden-globes-instagram-1452504598-custom-0.png</thumbnail>
</item>

<item>
<title>Lady Gaga - Live at artRave</title>
<link>https://www.youtube.com/watch/hAbogzTZUIU</link>
<thumbnail>http://assets.gcstatic.com/u/apps/asset_manager/uploaded/2016/02/lady-gaga-golden-globes-instagram-1452504598-custom-0.png</thumbnail>
</item>

<item>
<title>Led Zeppelin - Celebration Day</title>
<link>https://www.youtube.com/watch/vyqU6aTvCsE</link>
<thumbnail>https://assets-production-webvanta-com.s3-us-west-2.amazonaws.com/000000/35/90/medium/portfolios/Collector%20Portfolios/Led%20Zeppelin/HG_Zepplin-002.jpg</thumbnail>
</item>

<item>
<title>Linkin Park & Friends - Celebrate Life in Honor of Chester Bennington</title>
<link>https://www.youtube.com/watch?v=9VoLHdADma8</link>
<thumbnail>http://scdb.abradio.cz/uploads/interprets/l/linkin-park-11.jpg</thumbnail>
</item>

<item>
<title>Linkin Park - Live Southside Festival</title>
<link>https://www.youtube.com/watch/wXPeSYHZlFA</link>
<thumbnail>http://scdb.abradio.cz/uploads/interprets/l/linkin-park-11.jpg</thumbnail>
</item>

<item>
<title>Linkin Park - Live at I-Days Milano Festival</title>
<link>https://www.youtube.com/watch/ixV3l5A-wmo</link>
<thumbnail>http://scdb.abradio.cz/uploads/interprets/l/linkin-park-11.jpg</thumbnail>
</item>

<item>
<title>Linkin Park - Road to Revolution</title>
<link>https://www.youtube.com/watch/Z0qOMyUyW_U</link>
<thumbnail>http://scdb.abradio.cz/uploads/interprets/l/linkin-park-11.jpg</thumbnail>
</item>

<item>
<title>Lionel Richie - Live at Viña</title>
<link>https://www.youtube.com/watch/Az_r567qB8Y</link>
<thumbnail>https://vignette1.wikia.nocookie.net/lyricwiki/images/1/1a/Lionel_Richie.jpg/revision/latest?cb=20110518212945</thumbnail>
</item>

<item>
<title>Lionel Richie and Friends in Concert</title>
<link>https://www.youtube.com/watch/IJIl8zO0v98</link>
<thumbnail>https://vignette1.wikia.nocookie.net/lyricwiki/images/1/1a/Lionel_Richie.jpg/revision/latest?cb=20110518212945</thumbnail>
</item>

<item>
<title>Little Mix  - Salute Live Stream</title>
<link>https://www.youtube.com/watch/m8jTUWVyP4A</link>
<thumbnail>http://www.eventim.co.uk/obj/media/UK-eventim/galery/kuenstler/l/little-mix-hammersmith-apollo-3.jpg</thumbnail>
</item>

<item>
<title>Little Mix - Live at Radio 1's Big Weekend</title>
<link>https://www.youtube.com/watch/GbCXV7LvL-Q</link>
<thumbnail>http://www.eventim.co.uk/obj/media/UK-eventim/galery/kuenstler/l/little-mix-hammersmith-apollo-3.jpg</thumbnail>
</item>

<item>
<title>Little Mix - Live at V Festival</title>
<link>https://www.youtube.com/watch/Qw3Ne3dRNA4</link>
<thumbnail>http://www.eventim.co.uk/obj/media/UK-eventim/galery/kuenstler/l/little-mix-hammersmith-apollo-3.jpg</thumbnail>
</item>

<item>
<title>Lynyrd Skynyrd - Live in Chicago</title>
<link>https://www.youtube.com/watch/WI7lR7wkm1U</link>
<thumbnail>http://s4.evcdn.com/images/edpborder500/I0-001/038/424/747-0.jpeg_/lynyrd-skynyrd-47.jpeg</thumbnail>
</item>

<item>
<title>Madness - At MadStock</title>
<link>https://www.youtube.com/watch/vLxhn5Q4-eM</link>
<thumbnail>http://www.femalefirst.co.uk/image-library/square/500/m/madness.jpg</thumbnail>
</item>

<item>
<title>Madonna - Sticky & Sweet</title>
<link>https://www.youtube.com/watch/aiuB_e2QYb8</link>
<thumbnail>http://static.wixstatic.com/media/79c029_87b9b3e1e57e476a8e8a72bceb3ae34f~mv2.jpg</thumbnail>
</item>

<item>
<title>Manic Street Preachers - Live at Cardiff Castle</title>
<link>https://www.youtube.com/watch/xqkG3xsq8_g</link>
<thumbnail>http://cdn-images.deezer.com/images/artist/741886878e2fb4a8151c25be0e979f1a/500x500.jpg</thumbnail>
</item>

<item>
<title>Manic Street Preachers - T in the Park</title>
<link>https://www.youtube.com/watch/ZsJFM7SSwVg</link>
<thumbnail>http://cdn-images.deezer.com/images/artist/741886878e2fb4a8151c25be0e979f1a/500x500.jpg</thumbnail>
</item>

<item>
<title>Mark Knopfler - A Night In London</title>
<link>https://www.youtube.com/watch?v=X5hGElxySFw</link>
<thumbnail>http://www.music-news.com/images/news/Mark-Knopfler.jpg</thumbnail>
</item>

<item>
<title>Mark Knopfler - An Evening With</title>
<link>https://www.youtube.com/watch?v=vSU2EkTR6vI</link>
<thumbnail>http://www.music-news.com/images/news/Mark-Knopfler.jpg</thumbnail>
</item>

<item>
<title>Mark Knopfler - Live In Berlin</title>
<link>https://www.youtube.com/watch?v=XIDudix1RDc</link>
<thumbnail>http://www.music-news.com/images/news/Mark-Knopfler.jpg</thumbnail>
</item>

<item>
<title>Mark Knopfler - Live In The Atrium</title>
<link>https://www.youtube.com/watch?v=B8KB81eSke4</link>
<thumbnail>http://www.music-news.com/images/news/Mark-Knopfler.jpg</thumbnail>
</item>

<item>
<title>Meat Loaf - History</title>
<link>https://www.youtube.com/watch/stJDZ4XrKLQ</link>
<thumbnail>http://17rg073sukbm1lmjk9jrehb643.wpengine.netdna-cdn.com/wp-content/uploads/2014/11/ml2.jpg</thumbnail>
</item>

<item>
<title>Meat Loaf - Live in London</title>
<link>https://www.youtube.com/watch/_-aavkTiXIc</link>
<thumbnail>http://17rg073sukbm1lmjk9jrehb643.wpengine.netdna-cdn.com/wp-content/uploads/2014/11/ml2.jpg</thumbnail>
</item>

<item>
<title>Meat Loaf - Neighbourhood</title>
<link>https://www.youtube.com/watch/M9JkyfS_XlY</link>
<thumbnail>http://17rg073sukbm1lmjk9jrehb643.wpengine.netdna-cdn.com/wp-content/uploads/2014/11/ml2.jpg</thumbnail>
</item>

<item>
<title>Metallica - Live at Berkeley Community Theater</title>
<link>https://www.youtube.com/watch/PblCqNxincU</link>
<thumbnail>http://s3.evcdn.com/images/edpborder500/I0-001/000/195/606-0.jpg_/metallica-06.jpg</thumbnail>
</item>

<item>
<title>Metallica - Live in Minneapolis</title>
<link>https://www.youtube.com/watch/sn2YnyoXIqI</link>
<thumbnail>http://s3.evcdn.com/images/edpborder500/I0-001/000/195/606-0.jpg_/metallica-06.jpg</thumbnail>
</item>

<item>
<title>Michael Buble - Home for Christmas</title>
<link>https://www.youtube.com/watch/TGTTvvIWbgU</link>
<thumbnail>https://lh5.googleusercontent.com/-84eYNVd2gtk/AAAAAAAAAAI/AAAAAAAAATU/wOVgmBRSte0/photo.jpg</thumbnail>
</item>

<item>
<title>Michael Buble - The Best Songs</title>
<link>https://www.youtube.com/watch/T1pijyA4WZs</link>
<thumbnail>https://lh5.googleusercontent.com/-84eYNVd2gtk/AAAAAAAAAAI/AAAAAAAAATU/wOVgmBRSte0/photo.jpg</thumbnail>
</item>

<item>
<title>Michael Jackson - Bad Tour</title>
<link>https://www.youtube.com/watch?v=0sJs0_uXs0U</link>
<thumbnail>https://pbs.twimg.com/profile_images/378800000000771764/4f993b65a207eb1d9165eabc6532d7f6.jpeg</thumbnail>
</item>

<item>
<title>Michael Jackson - Dangerous Tour</title>
<link>https://www.youtube.com/watch/0ymSnL5HmOQ</link>
<thumbnail>https://pbs.twimg.com/profile_images/378800000000771764/4f993b65a207eb1d9165eabc6532d7f6.jpeg</thumbnail>
</item>

<item>
<title>Michael Jackson - History Tour</title>
<link>https://www.youtube.com/watch/Y0JcJbzTjjw</link>
<thumbnail>https://pbs.twimg.com/profile_images/378800000000771764/4f993b65a207eb1d9165eabc6532d7f6.jpeg</thumbnail>
</item>

<item>
<title>Michael Jackson - Live in New York City </title>
<link>https://www.youtube.com/watch/eRn0DDIkIq0</link>
<thumbnail>https://pbs.twimg.com/profile_images/378800000000771764/4f993b65a207eb1d9165eabc6532d7f6.jpeg</thumbnail>
</item>

<item>
<title>Motorhead - Live At Wacken Open</title>
<link>https://www.youtube.com/watch/jk886pOS4Mo</link>
<thumbnail>http://www.music-news.com/images/news/Motorhead.jpg</thumbnail>
</item>

<item>
<title>Motorhead - Live at Rock AM</title>
<link>https://www.youtube.com/watch/x9r7lZ-rsw4</link>
<thumbnail>http://www.music-news.com/images/news/Motorhead.jpg</thumbnail>
</item>

<item>
<title>Motorhead - Stage Fright </title>
<link>https://www.youtube.com/watch/b8V7ph6JR84</link>
<thumbnail>http://www.music-news.com/images/news/Motorhead.jpg</thumbnail>
</item>

<item>
<title>Muse - Live At Firefly Music Festival</title>
<link>https://www.youtube.com/watch/bKyX3KNPH6s</link>
<thumbnail>http://s3.evcdn.com/images/edpborder500/I0-001/000/273/446-5.jpg_/muse-46.jpg</thumbnail>
</item>

<item>
<title>Muse - Live at Austin 360</title>
<link>https://www.youtube.com/watch/lpaoRDxzns0</link>
<thumbnail>http://s3.evcdn.com/images/edpborder500/I0-001/000/273/446-5.jpg_/muse-46.jpg</thumbnail>
</item>

<item>
<title>Muse - Live at Glastonbury</title>
<link>https://www.youtube.com/watch/htKrPX0Lwqw</link>
<thumbnail>http://s3.evcdn.com/images/edpborder500/I0-001/000/273/446-5.jpg_/muse-46.jpg</thumbnail>
</item>

<item>
<title>Muse - Radio 1's Live Lounge</title>
<link>https://www.youtube.com/watch/hpjciAuKBT0</link>
<thumbnail>http://s3.evcdn.com/images/edpborder500/I0-001/000/273/446-5.jpg_/muse-46.jpg</thumbnail>
</item>

<item>
<title>Mötley Crüe - Carnival of Sins</title>
<link>https://www.youtube.com/watch/EnZKhKSLqRk</link>
<thumbnail>http://s4.evcdn.com/images/edpborder500/I0-001/000/925/647-0.png_/motley-crue-47.png</thumbnail>
</item>

<item>
<title>Neil Diamond - Greatest Hits</title>
<link>https://www.youtube.com/watch/iVRXOWAHs9w</link>
<thumbnail>http://static0.bornrichimages.com/cdn2/500/500/91/c/wp-content/uploads/2014/05/Neil+Diamond+2011+Billboard+Music+Awards+Show+XA_U3zAENEsl_thumb.jpg</thumbnail>
</item>

<item>
<title>Nirvana - MTV Live And Loud</title>
<link>https://www.youtube.com/watch/i0g8toTz-ek</link>
<thumbnail>https://s-media-cache-ak0.pinimg.com/736x/1e/f5/0f/1ef50f6c0daf1def02cb5afa856c9e44--nirvana-kurt-cobain-alternative-rock.jpg</thumbnail>
</item>

<item>
<title>Noel Gallagher - Live for Radio 2</title>
<link>https://www.youtube.com/watch/9QOjLITQ8P0</link>
<thumbnail>http://static3.bornrichimages.com/cdn2/500/500/91/c/wp-content/uploads/s3/2013/07/noel_0131_qpmdr_300x300.jpg</thumbnail>
</item>

<item>
<title>Noel Gallagher - Sitting Here in Silence</title>
<link>https://www.youtube.com/watch/ZkxJCXvqOFk</link>
<thumbnail>http://static3.bornrichimages.com/cdn2/500/500/91/c/wp-content/uploads/s3/2013/07/noel_0131_qpmdr_300x300.jpg</thumbnail>
</item>

<item>
<title>Oasis - Familiar to Millions</title>
<link>https://www.youtube.com/watch/4hP8mmtH4Xg</link>
<thumbnail>https://s-media-cache-ak0.pinimg.com/736x/72/1c/b5/721cb5ee5c6fffe9b22586c7d7ea1b7e--oasis-band-beady-eye.jpg</thumbnail>
</item>

<item>
<title>Oasis - Live at Mainroad</title>
<link>https://www.youtube.com/watch/LNIRNnri2Ms</link>
<thumbnail>https://s-media-cache-ak0.pinimg.com/736x/72/1c/b5/721cb5ee5c6fffe9b22586c7d7ea1b7e--oasis-band-beady-eye.jpg</thumbnail>
</item>

<item>
<title>Oasis - Live in Manchester</title>
<link>https://www.youtube.com/watch/UWH3vFQhC1o&t=430s</link>
<thumbnail>https://s-media-cache-ak0.pinimg.com/736x/72/1c/b5/721cb5ee5c6fffe9b22586c7d7ea1b7e--oasis-band-beady-eye.jpg</thumbnail>
</item>

<item>
<title>Oasis - Live in Manchester</title>
<link>https://www.youtube.com/watch/UWH3vFQhC1o</link>
<thumbnail>https://s-media-cache-ak0.pinimg.com/736x/72/1c/b5/721cb5ee5c6fffe9b22586c7d7ea1b7e--oasis-band-beady-eye.jpg</thumbnail>
</item>

<item>
<title>Ocean Colour Scene - Live at Stirling Castle </title>
<link>https://www.youtube.com/watch/CuHaEuqwNWw</link>
<thumbnail>https://i1.sndcdn.com/artworks-000079245710-16g58v-t500x500.jpg</thumbnail>
</item>

<item>
<title>Ocean Colour Scene - Live at the Town Hall</title>
<link>https://www.youtube.com/watch/N4UP-m3KuaA</link>
<thumbnail>https://i1.sndcdn.com/artworks-000079245710-16g58v-t500x500.jpg</thumbnail>
</item>

<item>
<title>Paul McCartney & Wings - Band On The Run</title>
<link>https://www.youtube.com/watch/t8dQwP80uNQ</link>
<thumbnail>http://seecolombia.travel/blog/wp-content/uploads/2012/03/Paul-McCartney-12.jpg</thumbnail>
</item>

<item>
<title>Paul McCartney & Wings - Rockshow</title>
<link>https://www.youtube.com/watch/p1UafXtokdE</link>
<thumbnail>http://seecolombia.travel/blog/wp-content/uploads/2012/03/Paul-McCartney-12.jpg</thumbnail>
</item>

<item>
<title>Paul McCartney - Get Back</title>
<link>https://www.youtube.com/watch/3Z3Ek1gL_JU</link>
<thumbnail>http://seecolombia.travel/blog/wp-content/uploads/2012/03/Paul-McCartney-12.jpg</thumbnail>
</item>

<item>
<title>Paul McCartney - Live In Rio</title>
<link>https://www.youtube.com/watch/_0C_yRKR3Rc</link>
<thumbnail>http://seecolombia.travel/blog/wp-content/uploads/2012/03/Paul-McCartney-12.jpg</thumbnail>
</item>

<item>
<title>Paul McCartney - in Concert</title>
<link>https://www.youtube.com/watch/7S2JJpSmqZo</link>
<thumbnail>http://seecolombia.travel/blog/wp-content/uploads/2012/03/Paul-McCartney-12.jpg</thumbnail>
</item>

<item>
<title>Paul Van Dyk - Live at Alfa Future People Festival</title>
<link>https://www.youtube.com/watch/nCxjwnk06zo</link>
<thumbnail>https://i1.sndcdn.com/artworks-000092846976-f66iat-t500x500.jpg</thumbnail>
</item>

<item>
<title>Paul Van Dyk - Live at Creamfields</title>
<link>https://www.youtube.com/watch/RizV_9uXWf4</link>
<thumbnail>https://i1.sndcdn.com/artworks-000092846976-f66iat-t500x500.jpg</thumbnail>
</item>

<item>
<title>Paul Weller - Days of Speed Acoustic</title>
<link>https://www.youtube.com/watch/OzNJGGULLMI</link>
<thumbnail>http://paulweller.com/wp-content/uploads/2015/04/Paul-Weller-4-300x300.jpg</thumbnail>
</item>

<item>
<title>Paul Weller - Live In Hyde Park</title>
<link>https://www.youtube.com/watch/kOP86HN30L8</link>
<thumbnail>http://paulweller.com/wp-content/uploads/2015/04/Paul-Weller-4-300x300.jpg</thumbnail>
</item>

<item>
<title>Paul Weller - Live at Studio 150</title>
<link>https://www.youtube.com/watch/rQriGkMiFmE</link>
<thumbnail>http://paulweller.com/wp-content/uploads/2015/04/Paul-Weller-4-300x300.jpg</thumbnail>
</item>

<item>
<title>Pearl Jam - Detroit Mi</title>
<link>https://www.youtube.com/watch/UKOpnK5fC4k</link>
<thumbnail>https://i.gr-assets.com/images/S/compressed.photo.goodreads.com/hostedimages/1442884644i/16288431.jpg</thumbnail>
</item>

<item>
<title>Pete Tong & Hot Since 82 - Live at Radio 1 Ibiza</title>
<link>https://www.youtube.com/watch/Q7mYLLnHqeM</link>
<thumbnail>https://i1.sndcdn.com/artworks-000095779036-oe3wi8-t500x500.jpg</thumbnail>
</item>

<item>
<title>Phil Collins - Finally... The First Farewell Tour</title>
<link>https://www.youtube.com/watch/KweMFoeFeHQ</link>
<thumbnail>http://static8.bornrichimages.com/cdn2/500/500/91/c/wp-content/uploads/2014/10/pc_thumb.jpg</thumbnail>
</item>

<item>
<title>Phil Collins - Live at Perkins Palace</title>
<link>https://www.youtube.com/watch/3JBQW3ZlVwk</link>
<thumbnail>http://static8.bornrichimages.com/cdn2/500/500/91/c/wp-content/uploads/2014/10/pc_thumb.jpg</thumbnail>
</item>

<item>
<title>Phil Collins - Live in Japan</title>
<link>https://www.youtube.com/watch/0awgTiauTtQ</link>
<thumbnail>http://static8.bornrichimages.com/cdn2/500/500/91/c/wp-content/uploads/2014/10/pc_thumb.jpg</thumbnail>
</item>

<item>
<title>Phil Collins - Live in New York</title>
<link>https://www.youtube.com/watch/77JOJFljv1w</link>
<thumbnail>http://static8.bornrichimages.com/cdn2/500/500/91/c/wp-content/uploads/2014/10/pc_thumb.jpg</thumbnail>
</item>

<item>
<title>Phil Collins - No Ticket Required</title>
<link>https://www.youtube.com/watch/pWa-PS2cRg4</link>
<thumbnail>http://static8.bornrichimages.com/cdn2/500/500/91/c/wp-content/uploads/2014/10/pc_thumb.jpg</thumbnail>
</item>

<item>
<title>Phil Collins - Seriously Live in Berlin</title>
<link>https://www.youtube.com/watch/WYLMN8m5Qss</link>
<thumbnail>http://static8.bornrichimages.com/cdn2/500/500/91/c/wp-content/uploads/2014/10/pc_thumb.jpg</thumbnail>
</item>

<item>
<title>Phil Collins - Storyteller</title>
<link>https://www.youtube.com/watch/o_wvTjGH_9Y</link>
<thumbnail>http://static8.bornrichimages.com/cdn2/500/500/91/c/wp-content/uploads/2014/10/pc_thumb.jpg</thumbnail>
</item>

<item>
<title>Phil Collins - The Best Ballads</title>
<link>https://www.youtube.com/watch/MCLGQctJkoU</link>
<thumbnail>http://static8.bornrichimages.com/cdn2/500/500/91/c/wp-content/uploads/2014/10/pc_thumb.jpg</thumbnail>
</item>

<item>
<title>Pink Floyd - Live in London 2005</title>
<link>https://www.youtube.com/watch/ljaU7YcrKAU</link>
<thumbnail>http://static8.bornrichimages.com/cdn2/500/500/91/c/wp-content/uploads/2014/10/pc_thumb.jpg</thumbnail>
</item>

<item>
<title>Poison - Live Raw and Uncut</title>
<link>https://www.youtube.com/watch/CFNlFgstXb4</link>
<thumbnail>http://www.casinodelsol.com/wp-content/uploads/poison-300x300.jpg</thumbnail>
</item>

<item>
<title>Powderfinger - Live at Take 40</title>
<link>https://www.youtube.com/watch/YVTE6lHA2N4</link>
<thumbnail>https://a4-images.myspacecdn.com/images03/2/74e1bf5039e34d4da9182e32b4e8087b/300x300.jpg</thumbnail>
</item>

<item>
<title>Powderfinger - Live at the Powerhouse</title>
<link>https://www.youtube.com/watch/JSVGZw1xsl4</link>
<thumbnail>https://a4-images.myspacecdn.com/images03/2/74e1bf5039e34d4da9182e32b4e8087b/300x300.jpg</thumbnail>
</item>

<item>
<title>Powderfinger - Monday Night Live Acoustic Set</title>
<link>https://www.youtube.com/watch/nykff3Zr8Dg</link>
<thumbnail>https://a4-images.myspacecdn.com/images03/2/74e1bf5039e34d4da9182e32b4e8087b/300x300.jpg</thumbnail>
</item>

<item>
<title>Powderfinger - Monday Night Live Electric Set</title>
<link>https://www.youtube.com/watch/Zcr-puySIwk</link>
<thumbnail>https://a4-images.myspacecdn.com/images03/2/74e1bf5039e34d4da9182e32b4e8087b/300x300.jpg</thumbnail>
</item>

<item>
<title>Queen - Hungarian Rhapsody</title>
<link>https://www.youtube.com/watch/_tp6j8_t-e8</link>
<thumbnail>https://s-media-cache-ak0.pinimg.com/736x/08/82/5f/08825f99c9a3b01d980a5950a2c229fb--queen-freddie-mercury-rock-band.jpg</thumbnail>
</item>

<item>
<title>Queen - Live Aid</title>
<link>https://www.youtube.com/watch/A22oy8dFjqc</link>
<thumbnail>https://s-media-cache-ak0.pinimg.com/736x/08/82/5f/08825f99c9a3b01d980a5950a2c229fb--queen-freddie-mercury-rock-band.jpg</thumbnail>
</item>

<item>
<title>Queen - Live At Wembley Stadium</title>
<link>https://www.youtube.com/watch/Uas3USgSEvM</link>
<thumbnail>https://s-media-cache-ak0.pinimg.com/736x/08/82/5f/08825f99c9a3b01d980a5950a2c229fb--queen-freddie-mercury-rock-band.jpg</thumbnail>
</item>

<item>
<title>Queens of the Stone Age - Live at Rock in RIO</title>
<link>https://www.youtube.com/watch/CSI3jWB6468</link>
<thumbnail>https://a2-images.myspacecdn.com/images03/4/aba193974db741a28756950920ed32ce/300x300.jpg</thumbnail>
</item>

<item>
<title>REM - Live at Austin City Limits Studio</title>
<link>https://www.youtube.com/watch/2uywFsHDwyQ</link>
<thumbnail>http://2.bp.blogspot.com/-z-N91TgXwtM/TnsguDGSs3I/AAAAAAAAFm8/rlcx3NLqS_Q/s1600/005REM_timeline.jpg</thumbnail>
</item>

<item>
<title>REM - Live at Rock in RIO</title>
<link>https://www.youtube.com/watch/FwlvsgLNd-U</link>
<thumbnail>http://2.bp.blogspot.com/-z-N91TgXwtM/TnsguDGSs3I/AAAAAAAAFm8/rlcx3NLqS_Q/s1600/005REM_timeline.jpg</thumbnail>
</item>

<item>
<title>REM - Live at the Raleigh Underground</title>
<link>https://www.youtube.com/watch/9sBVX9kRmBE</link>
<thumbnail>http://2.bp.blogspot.com/-z-N91TgXwtM/TnsguDGSs3I/AAAAAAAAFm8/rlcx3NLqS_Q/s1600/005REM_timeline.jpg</thumbnail>
</item>

<item>
<title>REM - Live in Athens</title>
<link>https://www.youtube.com/watch/XzV7m2E1Nog</link>
<thumbnail>http://2.bp.blogspot.com/-z-N91TgXwtM/TnsguDGSs3I/AAAAAAAAFm8/rlcx3NLqS_Q/s1600/005REM_timeline.jpg</thumbnail>
</item>

<item>
<title>REM - Shoreline Amphitheatre</title>
<link>https://www.youtube.com/watch/aPm-_oYzo5k</link>
<thumbnail>http://2.bp.blogspot.com/-z-N91TgXwtM/TnsguDGSs3I/AAAAAAAAFm8/rlcx3NLqS_Q/s1600/005REM_timeline.jpg</thumbnail>
</item>

<item>
<title>Rage Against the Machine - Woodstock 99 </title>
<link>https://www.youtube.com/watch/F9S-JVKw0mE</link>
<thumbnail>http://cdn-images.deezer.com/images/artist/01dc7ba471ffdfcb1d257476ee94e410/500x500.jpg</thumbnail>
</item>

<item>
<title>Rainbow - Between the Eyes</title>
<link>https://www.youtube.com/watch/fx2B8ii_Yf4</link>
<thumbnail>http://www.davidrosenthal.com/images/discography/albums/rainbow.jpg</thumbnail>
</item>

<item>
<title>Rainbow - Live in Japan </title>
<link>https://www.youtube.com/watch/-buED-MpVg8</link>
<thumbnail>http://www.davidrosenthal.com/images/discography/albums/rainbow.jpg</thumbnail>
</item>

<item>
<title>Rainbow - Live in Toronto</title>
<link>https://www.youtube.com/watch/8-h6XENwvLk</link>
<thumbnail>http://www.davidrosenthal.com/images/discography/albums/rainbow.jpg</thumbnail>
</item>

<item>
<title>Rick Astley - Live at Viña</title>
<link>https://www.youtube.com/watch/yHEoUdm6tpg</link>
<thumbnail>https://ukutabs.com/artistimg/Rick%20Astley.jpg?x74537</thumbnail>
</item>

<item>
<title>Robbie Williams - LIVE at The Royal Albert Hall</title>
<link>https://www.youtube.com/watch/1dV7mnWDf6c</link>
<thumbnail>https://pbs.twimg.com/profile_images/780003679302803456/RkXE1rue.jpg</thumbnail>
</item>

<item>
<title>Robbie Williams - Live for Radio 2</title>
<link>https://www.youtube.com/watch/v7A4thPAUPE</link>
<thumbnail>https://pbs.twimg.com/profile_images/780003679302803456/RkXE1rue.jpg</thumbnail>
</item>

<item>
<title>Robbie Williams - Live in Tallinn</title>
<link>https://www.youtube.com/watch/-ufC30kqw18</link>
<thumbnail>https://pbs.twimg.com/profile_images/780003679302803456/RkXE1rue.jpg</thumbnail>
</item>

<item>
<title>Rocky Horror Show - Live Stage Show</title>
<link>https://www.youtube.com/watch/VIPckPtYmXk</link>
<thumbnail>http://direct.rhapsody.com/imageserver/images/Alb.115805524/500x500.jpg</thumbnail>
</item>

<item>
<title>Rod Stewart - Live at AVO Sessions Basel</title>
<link>https://www.youtube.com/watch/eudNu08hD3o</link>
<thumbnail>http://static7.bornrichimages.com/cdn2/500/500/91/c/wp-content/uploads/s3/2013/07/rod_stewart202_dvmmd_300x300.jpg</thumbnail>
</item>

<item>
<title>Rod Stewart - One Night Only</title>
<link>https://www.youtube.com/watch/aVnfZMTUB7Q</link>
<thumbnail>http://static7.bornrichimages.com/cdn2/500/500/91/c/wp-content/uploads/s3/2013/07/rod_stewart202_dvmmd_300x300.jpg</thumbnail>
</item>

<item>
<title>Sam Smith - Rock in RIO</title>
<link>https://www.youtube.com/watch/gHsDPI6Tog0</link>
<thumbnail>http://cdn-images.deezer.com/images/artist/4685e4553664df4c7825716dc3afbe7f/500x500.jpg</thumbnail>
</item>

<item>
<title>Scorpions -  Acoustica</title>
<link>https://www.youtube.com/watch/xrctJZJRN3Y</link>
<thumbnail>http://s4.evcdn.com/images/edpborder500/I0-001/038/702/847-8.jpeg_/scorpions-47.jpeg</thumbnail>
</item>

<item>
<title>Scorpions - Live at Hellfest</title>
<link>https://www.youtube.com/watch/aNtIo1i0ABM</link>
<thumbnail>http://s4.evcdn.com/images/edpborder500/I0-001/038/702/847-8.jpeg_/scorpions-47.jpeg</thumbnail>
</item>

<item>
<title>Scorpions - Live at Saarbrücken</title>
<link>https://www.youtube.com/watch/wtx5jiDEvJc</link>
<thumbnail>http://s4.evcdn.com/images/edpborder500/I0-001/038/702/847-8.jpeg_/scorpions-47.jpeg</thumbnail>
</item>

<item>
<title>Sex Pistols - There'll Always be an England</title>
<link>https://www.youtube.com/watch/o_SQI9kgqIc</link>
<thumbnail>https://s-media-cache-ak0.pinimg.com/736x/e8/6c/de/e86cde189f85dbd5343ca737f3cd7b30--johnny-rotten-music-.jpg</thumbnail>
</item>

<item>
<title>Shania Twain - Up</title>
<link>https://www.youtube.com/watch/cgFLdewM1ys</link>
<thumbnail>http://e-cdn-images.deezer.com/images/artist/dd9f6adb73484035e87e8afcc33cbf18/500x500.jpg</thumbnail>
</item>

<item>
<title>Skrillex - Live at Ultra Music Festival</title>
<link>https://www.youtube.com/watch/V2VmcuOEqEg</link>
<thumbnail>https://68.media.tumblr.com/tumblr_m7kphudkj51qh2y13o1_cover.jpg</thumbnail>
</item>

<item>
<title>Slade - Alive in German Democratic Republic</title>
<link>https://www.youtube.com/watch/XsAVuIji6sI</link>
<thumbnail>https://www.santaradio.co.uk/assets/img/artists/slade.jpg</thumbnail>
</item>

<item>
<title>Slade - Winterland</title>
<link>https://www.youtube.com/watch/aqcpx2K2SVA</link>
<thumbnail>https://www.santaradio.co.uk/assets/img/artists/slade.jpg</thumbnail>
</item>

<item>
<title>Spice Girls - Live at Wembley</title>
<link>https://www.youtube.com/watch/bj1RSsbg3No</link>
<thumbnail>http://dlisted.com/wp-content/uploads/2016/06/spicegirlssportposh-500x500.jpg</thumbnail>
</item>

<item>
<title>Stevie Wonder - A Wonder Summer's Night</title>
<link>https://www.youtube.com/watch/9dB9ZyXtXlQ</link>
<thumbnail>http://www.heliotricity.com/images/stevie_wonder/Stevie+Wonder%20500x500.png</thumbnail>
</item>

<item>
<title>Stiff Little Fingers - At The Edge</title>
<link>https://www.youtube.com/watch/AwJLoUINqSM</link>
<thumbnail>http://www.festivalsforall.com/cache/6/e/7/1/c/6e71c4abac4e7ba158774327c3b4fddcdea42006-stiff-little-fingers.png</thumbnail>
</item>

<item>
<title>Stone Sour - Live In Brighton</title>
<link>https://www.youtube.com/watch/-HvsO0lu25w</link>
<thumbnail>https://s-media-cache-ak0.pinimg.com/736x/4f/c5/7d/4fc57d5f32ca3709ceecfc9e7c6fc418--stone-sour-corey-taylor.jpg</thumbnail>
</item>

<item>
<title>Stone Sour - Live at Club Nokia</title>
<link>https://www.youtube.com/watch/IiwFubjiGxs</link>
<thumbnail>https://s-media-cache-ak0.pinimg.com/736x/a5/98/1e/a5981eecfa0be158c6b3e87c8831182c--taylor-swift-concert-taylor-swift-.jpg</thumbnail>
</item>

<item>
<title>Stone Sour - Live at Rock in RIO</title>
<link>https://www.youtube.com/watch/bnOpew1-N2g</link>
<thumbnail>https://s-media-cache-ak0.pinimg.com/736x/4f/c5/7d/4fc57d5f32ca3709ceecfc9e7c6fc418--stone-sour-corey-taylor.jpg</thumbnail>
</item>

<item>
<title>Styx - Return To Paradise</title>
<link>https://www.youtube.com/watch/Sg6ccWZJo4I</link>
<thumbnail>http://images.sk-static.com/images/media/profile_images/artists/540471/huge_avatar</thumbnail>
</item>

<item>
<title>System of a Down - Live at Rock Am Ring</title>
<link>https://www.youtube.com/watch/Dqb2KY6F4iw</link>
<thumbnail>http://www.femalefirst.co.uk/image-library/partners/bang/square/500/s/system-of-a-down-75ef454ce4bae811a0e5a6901eb0ea4d3b49003a.jpg</thumbnail>
</item>

<item>
<title>System of a Down - Rock In Rio</title>
<link>https://www.youtube.com/watch/o3r1sn-t3is</link>
<thumbnail>http://www.femalefirst.co.uk/image-library/partners/bang/square/500/s/system-of-a-down-75ef454ce4bae811a0e5a6901eb0ea4d3b49003a.jpg</thumbnail>
</item>

<item>
<title>Take That - The Circus</title>
<link>https://www.youtube.com/watch/N5j2TlOiZlY</link>
<thumbnail>http://assets9.capitalfm.com/2015/41/take-that-press-2015-1444993262-list-tablet-0.jpg</thumbnail>
</item>

<item>
<title>Take That - The Ultimate Tour</title>
<link>https://www.youtube.com/watch/XA9e_x6tZaQ</link>
<thumbnail>http://assets9.capitalfm.com/2015/41/take-that-press-2015-1444993262-list-tablet-0.jpg</thumbnail>
</item>

<item>
<title>The Beatles - Live Empire Pool</title>
<link>https://www.youtube.com/watch/tAlZlzIPuPY</link>
<thumbnail>https://s-media-cache-ak0.pinimg.com/736x/c1/46/cb/c146cb11a98be6074f535f7b698dbf3e--ringo-starr-george-harrison.jpg</thumbnail>
</item>

<item>
<title>The Boomtown Rats - Victor Street Dublin</title>
<link>https://www.youtube.com/watch/87f0k8H7Arw</link>
<thumbnail>https://i1.sndcdn.com/artworks-000024083271-9i7oa5-t500x500.jpg</thumbnail>
</item>

<item>
<title>The Bootleg Beatles - Live at Crocus City Hall</title>
<link>https://www.youtube.com/watch/ydn2-V0rWXU</link>
<thumbnail>http://www.corkoperahouse.ie/wp-content/uploads/2015/02/contentBootlegBeatles2-500x500.jpg</thumbnail>
</item>

<item>
<title>The Chainsmokers - Live at Ultra Music Festival</title>
<link>https://www.youtube.com/watch/_F2KOULJJtk</link>
<thumbnail>https://i0.wp.com/www.wolfinasuit.com/wp-content/uploads/2016/10/the-chainsmokers-41.jpeg?w=1166&h=1166&crop=1&ssl=1</thumbnail>
</item>

<item>
<title>The Corrs - Live at Lansdowne Road</title>
<link>https://www.youtube.com/watch/FVacENMIn18</link>
<thumbnail>https://s-media-cache-ak0.pinimg.com/736x/93/89/29/938929aa936af25b0ece90684b1fd102--music-channel-lights-tour.jpg</thumbnail>
</item>

<item>
<title>The Corrs - Unplugged</title>
<link>https://www.youtube.com/watch/9StPG6cZW8I</link>
<thumbnail>https://s-media-cache-ak0.pinimg.com/736x/93/89/29/938929aa936af25b0ece90684b1fd102--music-channel-lights-tour.jpg</thumbnail>
</item>

<item>
<title>The Doors - Hollywood Bowl</title>
<link>https://www.youtube.com/watch/2787znyO8eI</link>
<thumbnail>https://www.musicdirect.com/Portals/0/Hotcakes/Data/products/e66e7268-1b73-4f84-8c9e-b73c2caab68d/medium/LAP74007.jpg</thumbnail>
</item>

<item>
<title>The Fab Four - Beatles Tribute</title>
<link>https://www.youtube.com/watch/4rHiDArtjuM</link>
<thumbnail>http://s1.evcdn.com/images/blackborder500/I0-001/015/051/840-3.jpeg_/fab-four-40.jpeg</thumbnail>
</item>

<item>
<title>The Jam - Bingley Hall</title>
<link>https://www.youtube.com/watch/1H1uos6v9zM</link>
<thumbnail>https://s-media-cache-ak0.pinimg.com/736x/4a/39/b5/4a39b54cd85d727186bf9e2271065c10--paul-weller-the-jam.jpg</thumbnail>
</item>

<item>
<title>The Killers - Live From Royal Albert Hall</title>
<link>https://www.youtube.com/watch/Gu1WxpQUmH8</link>
<thumbnail>https://pbs.twimg.com/profile_images/2616952059/kt4lab0exbs1cosgrj5t.jpeg</thumbnail>
</item>

<item>
<title>The Killers - T in the park</title>
<link>https://www.youtube.com/watch/jSB_wxXa3AI</link>
<thumbnail>https://pbs.twimg.com/profile_images/2616952059/kt4lab0exbs1cosgrj5t.jpeg</thumbnail>
</item>

<item>
<title>The Kooks - Live at Glastonbury</title>
<link>https://www.youtube.com/watch/28xhS-SQGJU</link>
<thumbnail>http://s4.evcdn.com/images/edpborder500/I0-001/004/267/503-4.jpeg_/the-kooks-03.jpeg</thumbnail>
</item>

<item>
<title>The Kooks - Live at Hurricane</title>
<link>https://www.youtube.com/watch/kcgqq1iiY2g</link>
<thumbnail>http://s4.evcdn.com/images/edpborder500/I0-001/004/267/503-4.jpeg_/the-kooks-03.jpeg</thumbnail>
</item>

<item>
<title>The Kooks - Live at Lollapalooza</title>
<link>https://www.youtube.com/watch/VLqw-XFvno8</link>
<thumbnail>http://s4.evcdn.com/images/edpborder500/I0-001/004/267/503-4.jpeg_/the-kooks-03.jpeg</thumbnail>
</item>

<item>
<title>The Kooks - Live in Argentina</title>
<link>https://www.youtube.com/watch/698D8pbrojw</link>
<thumbnail>http://s4.evcdn.com/images/edpborder500/I0-001/004/267/503-4.jpeg_/the-kooks-03.jpeg</thumbnail>
</item>

<item>
<title>The Rolling Stones - Live at Glastonbury</title>
<link>https://www.youtube.com/watch/V9NaxP7VCCc</link>
<thumbnail>https://s-media-cache-ak0.pinimg.com/736x/c2/7c/75/c27c750bfff7999198ec865132aec7e1--bill-wyman-s-music.jpg</thumbnail>
</item>

<item>
<title>The Rolling Stones - Stones in the Park</title>
<link>https://www.youtube.com/watch/n21hzTi_zPw</link>
<thumbnail>https://s-media-cache-ak0.pinimg.com/736x/c2/7c/75/c27c750bfff7999198ec865132aec7e1--bill-wyman-s-music.jpg</thumbnail>
</item>

<item>
<title>The Script - Live at Dominion</title>
<link>https://www.youtube.com/watch/AnyA1drf1ck</link>
<thumbnail>http://s2.evcdn.com/images/edpborder500/I0-001/004/191/973-7.jpeg_/the-script-73.jpeg</thumbnail>
</item>

<item>
<title>The Script - Live at Pinkpop</title>
<link>https://www.youtube.com/watch/LPIfOa0fMTc</link>
<thumbnail>http://s2.evcdn.com/images/edpborder500/I0-001/004/191/973-7.jpeg_/the-script-73.jpeg</thumbnail>
</item>

<item>
<title>The Selecter - Live From London</title>
<link>https://www.youtube.com/watch/WeCNje7mgs4</link>
<thumbnail>http://www.foldedwing.co.uk/images/general/artworks-000021989595-jkdtep-t500x500.jpg</thumbnail>
</item>

<item>
<title>The Specials - 30th Anniversary Tour</title>
<link>https://www.youtube.com/watch/u9GnGMQz22A</link>
<thumbnail>https://static1.squarespace.com/static/575f24fad210b8af8e3313c1/t/5770776903596eccad136aea/1466988715087/?format=500w</thumbnail>
</item>

<item>
<title>The Specials - Live At Glastonbury</title>
<link>https://www.youtube.com/watch/1xbea_0pY0g</link>
<thumbnail>https://static1.squarespace.com/static/575f24fad210b8af8e3313c1/t/5770776903596eccad136aea/1466988715087/?format=500w</thumbnail>
</item>

<item>
<title>The Stone Roses - Live in Blackpool </title>
<link>https://www.youtube.com/watch/pNfHoPIxhXM</link>
<thumbnail>http://e-cdn-images.deezer.com/images/artist/f92de0418f32039cd9b1a618394dbb33/500x500.jpg</thumbnail>
</item>

<item>
<title>The Stranglers - Hamburg Markthalle</title>
<link>https://www.youtube.com/watch/HyPQYaXvC5g</link>
<thumbnail>https://studiosol-a.akamaihd.net/letras/500x500/fotos/d/7/9/a/d79a4da25400b41ab0cbd10745184c7c.jpg</thumbnail>
</item>

<item>
<title>The Tragically Hip - Live in Toronto</title>
<link>https://www.youtube.com/watch/</link>
<thumbnail>https://s-media-cache-ak0.pinimg.com/736x/50/b2/d6/50b2d65b792a2be0824009bced82471a--read-on-emo.jpg</thumbnail>
</item>

<item>
<title>The Who - Live in Los Angeles</title>
<link>https://www.youtube.com/watch/yhU-ADBYGCc</link>
<thumbnail>https://s-media-cache-ak0.pinimg.com/736x/82/b2/75/82b275e31b65f0cea447d214c5ed3f15--s-music-music-pictures.jpg</thumbnail>
</item>

<item>
<title>The Who - Quadrophenia</title>
<link>https://www.youtube.com/watch/cQlXlkGRW7k</link>
<thumbnail>https://s-media-cache-ak0.pinimg.com/736x/82/b2/75/82b275e31b65f0cea447d214c5ed3f15--s-music-music-pictures.jpg</thumbnail>
</item>

<item>
<title>The Wings - Live in Melbourne</title>
<link>https://www.youtube.com/watch/M4T4biiXqvs</link>
<thumbnail>https://s-media-cache-ak0.pinimg.com/736x/08/54/0c/08540c022c030bfdcdd96d5ebe38e2b4.jpg</thumbnail>
</item>

<item>
<title>Tina Turner - Live in Amsterdam</title>
<link>https://www.youtube.com/watch/r_6579-XgCg</link>
<thumbnail>http://e-cdn-images.deezer.com/images/artist/9d6b247c019f513b4e8944a7745fa218/500x500.jpg</thumbnail>
</item>

<item>
<title>Tina Turner - One Last Time Live In Concert </title>
<link>https://www.youtube.com/watch/5rQ4gXu_B6c</link>
<thumbnail>http://e-cdn-images.deezer.com/images/artist/9d6b247c019f513b4e8944a7745fa218/500x500.jpg</thumbnail>
</item>

<item>
<title>Tiësto - Live at Tomorrowland</title>
<link>https://www.youtube.com/watch/4PN9EYyiY58</link>
<thumbnail>https://i1.sndcdn.com/avatars-000287328814-c5bncu-t500x500.jpg</thumbnail>
</item>

<item>
<title>Tiësto - Live at Ultra Music Festival</title>
<link>https://www.youtube.com/watch/2X6bc-7DsVU</link>
<thumbnail>https://i1.sndcdn.com/avatars-000287328814-c5bncu-t500x500.jpg</thumbnail>
</item>

<item>
<title>Train - Live at Fillmore Auditorium</title>
<link>https://www.youtube.com/watch/zRfetWiCqHk</link>
<thumbnail>http://s2.evcdn.com/images/edpborder500/I0-001/003/442/801-5.jpeg_/train-01.jpeg</thumbnail>
</item>

<item>
<title>U2 - Elevation tour</title>
<link>https://www.youtube.com/watch/BYOu7N8e9PU</link>
<thumbnail>http://cdn.u2.com/non_secure/images/20170105/new_profile_crop1483638184/large.jpg</thumbnail>
</item>

<item>
<title>U2 - Live at Glastonbury</title>
<link>https://www.youtube.com/watch/7Nt5hycaqoU</link>
<thumbnail>http://cdn.u2.com/non_secure/images/20170105/new_profile_crop1483638184/large.jpg</thumbnail>
</item>

<item>
<title>U2 - U22 The Show Never Done</title>
<link>https://www.youtube.com/watch/TBuK2rgqYUk</link>
<thumbnail>http://cdn.u2.com/non_secure/images/20170105/new_profile_crop1483638184/large.jpg</thumbnail>
</item>

<item>
<title>UB40 - Homegrown in Holland</title>
<link>https://www.youtube.com/watch/J2GrFNHSZCg</link>
<thumbnail>https://s3.amazonaws.com/system.ravinia.org/shows/1365/5569_Show_Page.jpg</thumbnail>
</item>

<item>
<title>UB40 - Live at Montreux</title>
<link>https://www.youtube.com/watch/Pxsu5ZKhnRQ</link>
<thumbnail>https://s3.amazonaws.com/system.ravinia.org/shows/1365/5569_Show_Page.jpg</thumbnail>
</item>

<item>
<title>Yes - Union Tour - Concert in the Round</title>
<link>https://www.youtube.com/watch/QO49gHC3tfc&t=238s/</link>
<thumbnail>https://img.discogs.com/5iibSKpbCdeJnx-wtjaHlODecd4=/fit-in/600x600/filters:strip_icc():format(jpeg):mode_rgb():quality(90)/discogs-images/R-6439360-1444508838-7144.jpeg.jpg</thumbnail>
</item>

